,Player,Tm,FantPos,Age,Games_G,Games_GS,Passing_Cmp,Passing_Att,Passing_Yds,Passing_TD,Passing_Int,Rushing_Att,Rushing_Yds,Rushing_Y/A,Rushing_TD,Receiving_Tgt,Receiving_Rec,Receiving_Yds,Receiving_Y/R,Receiving_TD,Fumbles_Fmb,Fumbles_FL,Scoring_TD,Scoring_2PM,Scoring_2PP,Fantasy_FantPt,Fantasy_PPR,Fantasy_DKPt,Fantasy_FDPt,Fantasy_VBD,Fantasy_PosRank,Fantasy_OvRank
1,CHRISTIAN MCCAFFREY,CAR,RB,23,16,16,0,2,0,0,0,287,1387,4.83,15,142,116,1005,8.66,4,1,0,19,1,0,355,471.2,477.2,413.2,215,1,1
2,LAMAR JACKSON,BAL,QB,22,15,15,265,401,3127,36,6,176,1206,6.85,7,0,0,0,0,0,9,2,7,0,0,416,415.7,429.7,421.7,152,1,2
3,DERRICK HENRY,TEN,RB,25,15,15,0,0,0,0,0,303,1540,5.08,16,24,18,206,11.44,2,5,3,18,0,0,277,294.6,303.6,285.6,136,2,3
4,AARON JONES,GNB,RB,25,16,16,0,0,0,0,0,236,1084,4.59,16,68,49,474,9.67,3,3,2,19,0,0,266,314.8,322.8,290.3,125,3,4
5,EZEKIEL ELLIOTT,DAL,RB,24,16,16,0,0,0,0,0,301,1357,4.51,12,71,54,420,7.78,2,3,2,14,0,0,258,311.7,319.7,284.7,117,4,5
6,DALVIN COOK,MIN,RB,24,14,14,0,0,0,0,0,250,1135,4.54,13,63,53,519,9.79,0,4,2,13,0,0,239,292.4,300.4,265.9,99,5,6
7,MICHAEL THOMAS,NOR,WR,26,16,15,0,0,0,0,0,1,-9,-9.00,0,185,149,1725,11.58,9,1,0,9,0,0,226,374.6,377.6,300.1,97,1,7
8,TRAVIS KELCE,KAN,TE,30,16,16,0,0,0,0,0,1,4,4.00,1,136,97,1229,12.67,5,1,1,6,0,0,157,254.3,258.3,205.8,80,1,8
9,NICK CHUBB,CLE,RB,24,16,16,0,0,0,0,0,298,1494,5.01,8,49,36,278,7.72,0,3,3,8,0,0,219,255.2,264.2,237.2,79,6,9
10,AUSTIN EKELER,LAC,RB,24,16,8,0,0,0,0,0,132,557,4.22,3,108,92,993,10.79,8,3,2,11,0,0,217,309.0,317.0,263.0,76,7,10
11,MARK INGRAM,BAL,RB,30,15,15,0,0,0,0,0,202,1018,5.04,10,29,26,247,9.50,5,2,2,15,2,0,217,242.5,250.5,229.5,76,8,11
12,DAK PRESCOTT,DAL,QB,26,16,16,388,596,4902,30,11,52,277,5.33,3,0,0,0,0,0,6,2,3,0,1,338,337.8,356.8,348.8,74,2,12
13,MARK ANDREWS,BAL,TE,24,15,4,0,0,0,0,0,0,0,0,0,98,64,852,13.31,10,2,1,10,0,0,143,207.2,211.2,175.2,66,2,13
14,RUSSELL WILSON,SEA,QB,31,16,16,341,516,4110,31,5,75,342,4.56,3,0,0,0,0,0,8,2,3,0,1,329,328.6,341.6,333.6,65,3,14
15,CHRIS GODWIN,TAM,WR,23,14,14,0,0,0,0,0,1,8,8.00,0,121,86,1333,15.50,9,0,0,9,1,0,190,276.1,279.1,233.1,61,2,15
16,GEORGE KITTLE,SFO,TE,26,14,14,0,0,0,0,0,5,22,4.40,0,107,85,1053,12.39,5,1,0,5,0,0,138,222.5,225.5,180.0,61,3,16
17,DESHAUN WATSON,HOU,QB,24,15,15,333,495,3852,26,12,82,413,5.04,7,1,1,6,6.00,1,10,3,8,0,1,320,321.0,342.0,332.5,56,4,17
18,CHRIS CARSON,SEA,RB,25,15,15,0,0,0,0,0,278,1230,4.42,7,47,37,266,7.19,2,7,4,9,0,0,196,232.6,242.6,214.1,55,9,18
19,DARREN WALLER,OAK,TE,27,16,16,0,0,0,0,0,2,5,2.50,0,117,90,1145,12.72,3,1,1,3,0,0,131,221.0,225.0,176.0,54,4,19
20,KENNY GOLLADAY,DET,WR,26,16,16,0,0,0,0,0,0,0,0,0,116,65,1190,18.31,11,1,1,11,0,0,183,248.0,252.0,215.5,54,3,20
21,SAQUON BARKLEY,NYG,RB,22,13,13,0,0,0,0,0,217,1003,4.62,6,73,52,438,8.42,2,1,0,8,0,0,192,244.1,250.1,218.1,52,10,21
22,ZACH ERTZ,PHI,TE,29,15,15,0,0,0,0,0,0,0,0,0,135,88,916,10.41,6,1,1,6,1,0,128,215.6,219.6,171.6,51,5,22
23,JOE MIXON,CIN,RB,23,16,15,0,0,0,0,0,278,1137,4.09,5,45,35,287,8.20,3,0,0,8,0,0,190,225.4,231.4,207.9,50,11,23
24,TODD GURLEY,LAR,RB,25,15,15,0,0,0,0,0,223,857,3.84,12,49,31,207,6.68,2,3,2,14,1,0,188,219.4,227.4,203.9,48,12,24
25,JARED COOK,NOR,TE,32,14,7,0,0,0,0,0,0,0,0,0,65,43,705,16.40,9,0,0,9,0,0,125,167.5,170.5,146.0,48,6,25
26,COOPER KUPP,LAR,WR,26,16,14,0,1,0,0,0,2,4,2.00,0,134,94,1161,12.35,10,3,0,10,0,0,177,270.5,273.5,223.5,47,4,26
27,JULIO JONES,ATL,WR,30,15,15,0,0,0,0,0,2,-3,-1.50,0,157,99,1394,14.08,6,1,0,6,0,0,175,274.1,277.1,224.6,46,5,27
28,DEVANTE PARKER,MIA,WR,26,16,14,0,0,0,0,0,0,0,0,0,128,72,1202,16.69,9,0,0,9,0,0,174,246.2,249.2,210.2,45,6,28
29,LEONARD FOURNETTE,JAX,RB,24,15,15,0,0,0,0,0,265,1152,4.35,3,100,76,522,6.87,0,1,1,3,0,0,183,259.4,266.4,221.4,43,13,29
30,JAMEIS WINSTON,TAM,QB,25,16,16,380,626,5109,33,30,59,250,4.24,1,0,0,0,0,0,12,5,1,2,2,305,305.4,346.4,335.4,42,5,30
31,AUSTIN HOOPER,ATL,TE,25,13,10,0,0,0,0,0,0,0,0,0,97,75,787,10.49,6,0,0,6,1,0,117,191.7,194.7,154.2,40,7,31
32,AMARI COOPER,DAL,WR,25,16,16,0,0,0,0,0,1,6,6.00,0,119,79,1189,15.05,8,0,0,8,0,0,168,246.5,249.5,207.0,38,7,32
33,MIKE EVANS,TAM,WR,26,13,13,0,0,0,0,0,0,0,0,0,118,67,1157,17.27,8,0,0,8,1,0,166,232.7,235.7,199.2,37,8,33
34,A.J. BROWN,TEN,WR,22,16,11,0,0,0,0,0,3,60,20.00,1,84,52,1051,20.21,8,1,0,9,0,0,165,217.1,220.1,191.1,36,9,34
35,DEANDRE HOPKINS,HOU,WR,27,15,15,1,2,6,1,1,2,18,9.00,0,150,104,1165,11.20,7,0,0,7,1,0,165,268.5,272.5,217.5,35,10,35
36,JOSH JACOBS,OAK,RB,21,13,13,0,0,0,0,0,242,1150,4.75,7,27,20,166,8.30,0,1,1,7,0,0,172,191.6,198.6,181.6,31,14,36
37,KEENAN ALLEN,LAC,WR,27,16,16,0,0,0,0,0,3,16,5.33,0,149,104,1199,11.53,6,0,0,6,0,0,158,261.5,264.5,209.5,28,11,37
38,MILES SANDERS,PHI,RB,22,16,11,0,0,0,0,0,179,818,4.57,3,63,50,509,10.18,3,2,1,6,1,0,169,218.7,225.7,193.7,28,15,38
39,ALLEN ROBINSON,CHI,WR,26,16,15,0,0,0,0,0,1,2,2.00,0,154,98,1147,11.70,7,0,0,7,0,0,157,254.9,257.9,205.9,28,12,39
40,JULIAN EDELMAN,NWE,WR,33,16,13,2,2,47,1,0,8,27,3.38,0,153,100,1117,11.17,6,3,1,6,1,0,156,256.3,260.3,206.3,27,13,40
41,ALVIN KAMARA,NOR,RB,24,14,9,1,1,13,0,0,171,797,4.66,5,97,81,533,6.58,1,4,1,6,0,0,168,248.5,255.5,208.0,27,16,41
42,MARLON MACK,IND,RB,23,14,12,0,0,0,0,0,247,1091,4.42,8,17,14,82,5.86,0,0,0,8,1,0,167,181.3,184.3,174.3,27,17,42
43,JARVIS LANDRY,CLE,WR,27,16,16,0,0,0,0,0,1,10,10.00,0,138,83,1174,14.14,6,0,0,6,0,0,154,237.4,240.4,195.9,25,14,43
44,JOSH ALLEN,BUF,QB,23,16,16,271,461,3089,20,9,109,510,4.68,9,0,0,0,0,0,14,4,9,1,2,289,288.6,307.6,297.6,25,6,44
45,TYLER LOCKETT,SEA,WR,27,16,16,0,0,0,0,0,4,-5,-1.25,0,110,82,1057,12.89,8,1,0,8,0,0,153,235.2,238.2,194.2,24,15,45
46,DJ CHARK,JAX,WR,23,15,14,0,0,0,0,0,2,20,10.00,0,118,73,1008,13.81,8,0,0,8,1,0,153,225.8,228.8,189.3,24,16,46
47,KENYAN DRAKE,2TM,RB,25,14,10,0,0,0,0,0,170,817,4.81,8,68,50,345,6.90,0,2,1,8,1,0,164,214.2,221.2,189.2,24,18,47
48,PATRICK MAHOMES,KAN,QB,24,14,14,319,484,4031,26,5,43,218,5.07,2,0,0,0,0,0,3,2,2,0,1,287,287.0,300.0,292.0,23,7,48
49,PHILLIP LINDSAY,DEN,RB,25,16,16,0,0,0,0,0,224,1011,4.51,7,48,35,196,5.60,0,0,0,7,0,0,163,197.7,203.7,180.2,22,19,49
50,KYLER MURRAY,ARI,QB,22,16,16,349,542,3722,20,12,93,544,5.85,4,0,0,0,0,0,5,2,4,0,3,285,285.3,305.3,297.3,22,8,50
51,COURTLAND SUTTON,DEN,WR,24,16,14,1,1,38,0,0,3,17,5.67,0,124,72,1112,15.44,6,2,0,6,0,0,150,222.4,225.4,186.4,21,17,51
52,STEFON DIGGS,MIN,WR,26,15,15,0,1,0,0,0,5,61,12.20,0,94,63,1130,17.94,6,4,3,6,0,0,149,212.1,218.1,180.6,20,18,52
53,JOHN BROWN,BUF,WR,29,15,15,1,1,28,1,0,2,7,3.50,0,115,72,1060,14.72,6,0,0,6,0,0,148,219.8,222.8,183.8,19,19,53
54,HUNTER HENRY,LAC,TE,25,12,12,0,0,0,0,0,0,0,0,0,76,55,652,11.85,5,1,1,5,1,0,95,150.2,154.2,122.7,18,8,54
55,MICHAEL GALLUP,DAL,WR,23,14,12,0,0,0,0,0,0,0,0,0,113,66,1107,16.77,6,0,0,6,0,0,147,212.7,215.7,179.7,18,20,55
56,AARON RODGERS,GNB,QB,36,16,16,353,569,4002,26,4,46,183,3.98,1,0,0,0,0,0,4,4,1,1,2,278,278.4,292.4,282.4,15,9,56
57,TYLER HIGBEE,LAR,TE,26,15,15,0,0,0,0,0,0,0,0,0,89,69,734,10.64,3,0,0,3,0,0,91,160.4,163.4,125.9,15,9,57
58,D.J. MOORE,CAR,WR,22,15,15,0,0,0,0,0,6,40,6.67,0,135,87,1175,13.51,4,2,1,4,0,0,144,230.5,234.5,187.0,14,21,58
59,ROBERT WOODS,LAR,WR,27,15,15,0,0,0,0,0,17,115,6.76,1,139,90,1134,12.60,2,0,0,3,0,0,143,232.9,238.9,187.9,14,22,59
60,CARSON WENTZ,PHI,QB,27,16,16,388,607,4039,27,7,62,243,3.92,1,0,0,0,0,0,16,7,1,0,2,276,275.9,295.9,282.9,12,10,60
61,RAHEEM MOSTERT,SFO,RB,27,16,0,0,0,0,0,0,137,772,5.64,8,22,14,180,12.86,2,2,2,10,0,0,151,165.2,173.2,158.2,11,20,61
62,DALLAS GOEDERT,PHI,TE,24,15,9,0,0,0,0,0,0,0,0,0,87,58,607,10.47,5,2,2,5,0,0,87,144.7,149.7,115.7,10,10,62
63,LE'VEON BELL,NYJ,RB,27,15,15,0,0,0,0,0,245,789,3.22,3,78,66,461,6.98,1,1,1,4,1,0,149,215.0,222.0,182.0,8,21,63
64,MIKE GESICKI,MIA,TE,24,16,5,0,0,0,0,0,0,0,0,0,89,51,570,11.18,5,1,1,5,0,0,85,136.0,140.0,110.5,8,11,64
65,CALVIN RIDLEY,ATL,WR,25,13,10,0,0,0,0,0,2,34,17.00,0,93,63,866,13.75,7,0,0,7,1,0,134,197.0,200.0,165.5,5,23,65
66,TERRY MCLAURIN,WAS,WR,24,14,14,0,0,0,0,0,0,0,0,0,93,58,919,15.84,7,0,0,7,0,0,134,191.9,194.9,162.9,5,24,66
67,DAVID MONTGOMERY,CHI,RB,22,16,8,0,0,0,0,0,242,889,3.67,6,35,25,185,7.40,1,2,2,7,0,0,145,170.4,178.4,157.9,5,22,67
68,TYLER BOYD,CIN,WR,25,16,15,0,0,0,0,0,4,23,5.75,0,148,90,1046,11.62,5,2,2,5,0,0,133,222.9,227.9,177.9,4,25,68
69,MATT RYAN,ATL,QB,34,15,15,408,616,4466,26,14,34,147,4.32,1,0,0,0,0,0,9,5,1,0,1,267,267.3,292.3,281.3,4,11,69
70,DEEBO SAMUEL,SFO,WR,23,15,11,0,0,0,0,0,14,159,11.36,3,81,57,802,14.07,3,2,1,6,1,0,132,189.1,196.1,160.6,3,26,70
71,MARVIN JONES,DET,WR,29,13,11,0,0,0,0,0,2,0,0.00,0,91,62,779,12.56,9,0,0,9,0,0,132,193.9,196.9,162.9,3,27,71
72,CARLOS HYDE,HOU,RB,29,16,14,0,0,0,0,0,245,1070,4.37,6,16,10,42,4.20,0,4,2,6,0,0,143,153.2,158.2,148.2,3,23,72
73,TYREEK HILL,KAN,WR,25,12,12,0,0,0,0,0,8,23,2.88,0,89,58,860,14.83,7,0,0,7,0,0,130,188.3,191.3,159.3,1,28,73
74,DAVANTE ADAMS,GNB,WR,27,12,12,0,0,0,0,0,0,0,0,0,127,83,997,12.01,5,2,1,5,1,0,130,212.7,216.7,171.2,1,29,74
75,MICHAEL BURTON,WAS,UNKN,27,10,2,0,0,0,0,0,0,0,0,0,1,0,0,0,0,0,0,0,0,0,0,0,0,0,0,2,75
76,JAMIZE OLAWALE,DAL,UNKN,30,16,5,0,0,0,0,0,0,0,0,0,2,0,0,0,0,0,0,0,0,0,0,0,0,0,0,1,76
77,D.K. METCALF,SEA,WR,22,16,15,0,0,0,0,0,2,11,5.50,0,100,58,900,15.52,7,3,3,7,1,0,129,187.1,193.1,158.1,0,30,77
78,SONY MICHEL,NWE,RB,24,16,14,0,0,0,0,0,247,912,3.69,7,20,12,94,7.83,0,2,1,7,0,0,141,152.6,156.6,146.6,0,24,78
79,TOM BRADY,NWE,QB,42,16,16,373,613,4057,24,8,26,34,1.31,3,0,0,0,0,0,4,1,3,0,1,264,263.7,275.7,271.7,0,12,0
80,JARED GOFF,LAR,QB,25,16,16,394,626,4638,22,16,33,40,1.21,2,0,0,0,0,0,10,5,2,0,0,248,247.5,271.5,263.5,0,13,0
81,JIMMY GAROPPOLO,SFO,QB,28,16,16,329,476,3978,27,13,46,62,1.35,1,0,0,0,0,0,10,5,1,0,2,247,247.3,268.3,260.3,0,14,0
82,DEREK CARR,OAK,QB,28,16,16,361,513,4054,21,8,27,82,3.04,2,0,0,0,0,0,7,3,2,0,0,244,244.4,258.4,252.4,0,16,0
83,KIRK COUSINS,MIN,QB,31,15,15,307,444,3603,26,6,31,63,2.03,1,1,0,0,0,0,10,3,1,0,1,244,244.4,256.4,250.4,0,15,0
84,RYAN FITZPATRICK,MIA,QB,37,15,13,311,502,3529,20,13,54,243,4.50,4,0,0,0,0,0,9,2,4,0,1,241,241.5,262.5,254.5,0,17,0
85,PHILIP RIVERS,LAC,QB,38,16,16,390,591,4615,23,20,12,29,2.42,0,0,0,0,0,0,8,3,0,0,1,236,235.5,261.5,255.5,0,18,0
86,BAKER MAYFIELD,CLE,QB,24,16,16,317,534,3827,22,21,28,141,5.04,3,0,0,0,0,0,6,2,3,0,1,229,229.2,258.2,250.2,0,20,0
87,GARDNER MINSHEW II,JAX,QB,23,14,12,285,470,3271,21,6,67,344,5.13,0,0,0,0,0,0,13,7,0,0,3,229,229.2,248.2,235.2,0,19,0
88,DREW BREES,NOR,QB,40,11,11,281,378,2979,27,4,9,-4,-0.44,1,0,0,0,0,0,0,0,1,0,0,225,224.8,231.8,228.8,0,21,0
89,RYAN TANNEHILL,TEN,QB,31,12,10,201,286,2742,22,6,43,185,4.30,4,0,0,0,0,0,6,3,4,1,0,224,224.2,239.2,230.2,0,22,0
90,JACOBY BRISSETT,IND,QB,27,15,15,272,447,2942,18,6,56,228,4.07,4,1,1,2,2.00,0,7,5,4,0,1,217,217.7,234.7,223.2,0,23,0
91,DANIEL JONES,NYG,QB,22,13,12,284,459,3027,24,12,45,279,6.20,2,0,0,0,0,0,18,11,2,0,2,215,215.0,244.0,227.0,0,24,0
92,ANDY DALTON,CIN,QB,32,13,13,314,528,3494,16,14,32,73,2.28,4,1,1,-4,-4.00,0,8,4,4,1,1,203,203.7,224.7,217.2,0,26,0
93,MITCHELL TRUBISKY,CHI,QB,25,15,15,326,516,3138,17,10,48,193,4.02,2,0,0,0,0,0,5,2,2,0,1,203,202.8,220.8,212.8,0,25,0
94,SAM DARNOLD,NYJ,QB,22,13,13,273,441,3024,19,13,33,62,1.88,2,0,0,0,0,0,11,3,2,0,3,189,189.2,208.2,202.2,0,27,0
95,KYLE ALLEN,CAR,QB,23,13,12,303,489,3322,17,16,32,106,3.31,2,0,0,0,0,0,13,7,2,0,0,177,177.5,206.5,193.5,0,28,0
96,MATTHEW STAFFORD,DET,QB,31,8,8,187,291,2499,19,5,20,66,3.30,0,0,0,0,0,0,5,3,0,0,0,167,166.6,177.6,171.6,0,29,0
97,DEVONTA FREEMAN,ATL,RB,27,14,14,0,0,0,0,0,184,656,3.57,2,70,59,410,6.95,4,3,2,6,0,0,139,197.6,205.6,168.1,0,26,0
98,MELVIN GORDON,LAC,RB,26,12,11,0,0,0,0,0,162,612,3.78,8,55,42,296,7.05,1,4,3,9,0,0,139,180.8,189.8,159.8,0,25,0
99,RONALD JONES II,TAM,RB,22,16,9,0,0,0,0,0,172,724,4.21,6,40,31,309,9.97,0,3,2,6,0,0,135,166.3,174.3,150.8,0,27,0
100,ADRIAN PETERSON,WAS,RB,34,15,15,0,0,0,0,0,211,898,4.26,5,23,17,142,8.35,0,3,2,5,0,0,130,147.0,155.0,138.5,0,28,0
101,JAMES WHITE,NWE,RB,27,15,1,1,1,35,0,0,67,263,3.93,1,95,72,645,8.96,5,1,1,6,1,0,128,200.2,207.2,164.2,0,29,0
102,ODELL BECKHAM JR.,CLE,WR,27,16,15,1,2,20,0,0,3,10,3.33,0,133,74,1035,13.99,4,1,1,4,0,0,127,201.3,205.3,164.3,0,31,0
103,EMMANUEL SANDERS,2TM,WR,32,17,16,1,1,35,1,0,0,0,0,0,97,66,869,13.17,5,0,0,5,1,0,124,190.3,193.3,157.3,0,32,0
104,LATAVIUS MURRAY,NOR,RB,29,16,8,0,0,0,0,0,146,637,4.36,5,43,34,235,6.91,1,0,0,6,0,0,123,157.2,163.2,140.2,0,30,0
105,DARIUS SLAYTON,NYG,WR,22,14,9,0,0,0,0,0,0,0,0,0,84,48,740,15.42,8,0,0,8,0,0,122,170.0,173.0,146.0,0,33,0
106,JAMISON CROWDER,NYJ,WR,26,16,12,0,0,0,0,0,1,4,4.00,0,122,78,833,10.68,6,0,0,6,0,0,120,197.7,200.7,158.7,0,34,0
107,DEVIN SINGLETARY,BUF,RB,22,12,8,0,0,0,0,0,151,775,5.13,2,41,29,194,6.69,2,4,1,4,0,0,119,147.9,154.9,133.4,0,31,0
108,COLE BEASLEY,BUF,WR,30,15,10,0,0,0,0,0,0,0,0,0,106,67,778,11.61,6,0,0,6,2,0,118,184.8,187.8,151.3,0,35,0
109,CURTIS SAMUEL,CAR,WR,23,16,15,0,0,0,0,0,19,130,6.84,1,105,54,627,11.61,6,0,0,7,0,0,118,171.7,177.7,144.7,0,36,0
110,TEVIN COLEMAN,SFO,RB,26,14,11,0,0,0,0,0,137,544,3.97,6,30,21,180,8.57,1,0,0,7,0,0,114,135.4,141.4,124.9,0,32,0
111,JAMES CONNER,PIT,RB,24,10,10,0,0,0,0,0,116,464,4.00,4,38,34,251,7.38,3,1,1,7,0,0,112,145.5,152.5,128.5,0,33,0
112,MIKE WILLIAMS,LAC,WR,25,15,15,0,0,0,0,0,1,2,2.00,0,90,49,1001,20.43,2,0,0,2,0,0,112,161.3,164.3,136.8,0,37,0
113,DAMIEN WILLIAMS,KAN,RB,27,11,6,0,0,0,0,0,111,498,4.49,5,37,30,213,7.10,2,1,1,7,0,0,111,141.1,148.1,126.1,0,34,0
114,ROBBY ANDERSON,NYJ,WR,26,16,15,0,0,0,0,0,1,4,4.00,0,96,52,779,14.98,5,1,0,5,1,0,110,162.3,165.3,136.3,0,38,0
115,CHRIS CONLEY,JAX,WR,27,16,14,0,0,0,0,0,0,0,0,0,90,47,775,16.49,5,0,0,5,1,0,110,156.5,159.5,133.0,0,39,0
116,DUKE JOHNSON,HOU,RB,26,16,2,0,0,0,0,0,83,410,4.94,2,62,44,410,9.32,3,1,1,5,0,0,110,154.0,161.0,132.0,0,35,0
117,MASON RUDOLPH,PIT,QB,24,10,8,176,283,1765,13,9,21,42,2.00,0,0,0,0,0,0,4,0,0,0,0,109,108.8,120.8,117.8,0,30,0
118,JAMAAL WILLIAMS,GNB,RB,24,14,2,0,0,0,0,0,107,460,4.30,1,45,39,253,6.49,5,0,0,6,0,0,107,146.3,152.3,126.8,0,36,0
119,DAVID JOHNSON,ARI,RB,28,13,9,0,0,0,0,0,94,345,3.67,2,47,36,370,10.28,4,1,1,6,0,0,106,141.5,148.5,123.5,0,37,0
120,DIONTAE JOHNSON,PIT,WR,23,16,12,0,0,0,0,0,4,41,10.25,0,92,59,680,11.53,5,5,2,6,0,0,104,163.1,168.1,133.6,0,40,0
121,CASE KEENUM,WAS,QB,31,10,8,160,247,1707,11,5,9,12,1.33,1,0,0,0,0,0,6,3,1,0,0,103,103.5,114.5,108.5,0,31,0
122,GOLDEN TATE,NYG,WR,31,11,10,0,0,0,0,0,1,16,16.00,0,85,49,676,13.80,6,1,1,6,0,0,103,152.2,156.2,127.7,0,41,0
123,LARRY FITZGERALD,ARI,WR,36,16,16,0,0,0,0,0,0,0,0,0,109,75,804,10.72,4,1,1,4,0,0,102,177.4,181.4,139.9,0,42,0
124,BRESHAD PERRIMAN,TAM,WR,26,14,4,0,0,0,0,0,2,16,8.00,0,69,36,645,17.92,6,0,0,6,0,0,102,138.1,141.1,120.1,0,43,0
125,PEYTON BARBER,TAM,RB,25,16,7,0,0,0,0,0,154,470,3.05,6,24,16,115,7.19,1,1,1,7,1,0,101,116.5,123.5,108.5,0,39,0
126,JORDAN HOWARD,PHI,RB,25,10,4,0,0,0,0,0,119,525,4.41,6,14,10,69,6.90,1,0,0,7,0,0,101,111.4,114.4,106.4,0,38,0
127,TYRELL WILLIAMS,OAK,WR,27,14,12,0,0,0,0,0,0,0,0,0,64,42,651,15.50,6,0,0,6,0,0,101,143.1,146.1,122.1,0,44,0
128,MARQUISE BROWN,BAL,WR,22,14,11,0,0,0,0,0,0,0,0,0,71,46,584,12.70,7,0,0,7,0,0,100,146.4,149.4,123.4,0,45,0
129,RANDALL COBB,DAL,WR,29,15,6,0,1,0,0,0,3,11,3.67,0,83,55,828,15.05,3,2,1,3,0,0,100,154.9,158.9,127.4,0,47,0
130,CHRISTIAN KIRK,ARI,WR,23,13,13,0,0,0,0,0,10,93,9.30,0,108,68,709,10.43,3,0,0,3,1,0,100,168.2,171.2,134.2,0,46,0
131,ROYCE FREEMAN,DEN,RB,23,16,0,0,0,0,0,0,132,496,3.76,3,50,43,256,5.95,1,0,0,4,0,0,99,142.2,148.2,120.7,0,40,0
132,MECOLE HARDMAN,KAN,WR,21,16,5,0,0,0,0,0,4,17,4.25,0,41,26,538,20.69,6,2,2,7,0,0,94,119.5,124.5,106.5,0,49,0
133,ZACH PASCAL,IND,WR,25,16,13,0,1,0,0,0,2,16,8.00,0,72,41,607,14.80,5,0,0,5,1,0,94,135.3,138.3,114.8,0,48,0
134,LESEAN MCCOY,KAN,RB,31,13,9,0,0,0,0,0,101,465,4.60,4,34,28,181,6.46,1,3,2,5,0,0,91,118.6,126.6,104.6,0,41,0
135,DEDE WESTBROOK,JAX,WR,26,15,11,0,0,0,0,0,5,27,5.40,0,101,66,660,10.00,3,1,0,3,2,0,91,156.7,159.7,123.7,0,50,0
136,TEDDY BRIDGEWATER,NOR,QB,27,9,5,133,196,1384,9,2,28,31,1.11,0,0,0,0,0,0,1,0,0,0,0,90,90.5,95.5,92.5,0,32,0
137,JAMES WASHINGTON,PIT,WR,23,15,10,0,0,0,0,0,0,0,0,0,80,44,735,16.70,3,1,1,3,0,0,90,133.5,137.5,111.5,0,51,0
138,SAMMY WATKINS,KAN,WR,26,14,13,0,0,0,0,0,2,12,6.00,0,90,52,673,12.94,3,2,1,3,1,0,87,138.5,142.5,112.5,0,52,0
139,GUS EDWARDS,BAL,RB,24,16,1,0,0,0,0,0,133,711,5.35,2,7,7,45,6.43,0,2,1,2,0,0,86,92.6,96.6,89.1,0,43,0
140,DEANDRE WASHINGTON,OAK,RB,26,16,3,0,0,0,0,0,108,387,3.58,3,41,36,292,8.11,0,0,0,3,0,0,86,121.9,127.9,103.9,0,42,0
141,TARIK COHEN,CHI,RB,24,16,11,0,0,0,0,0,64,213,3.33,0,104,79,456,5.77,3,3,0,3,0,0,85,163.9,169.9,124.4,0,44,0
142,JOE FLACCO,DEN,QB,34,8,8,171,262,1822,6,5,12,20,1.67,0,0,0,0,0,0,8,3,0,0,1,85,84.9,95.9,89.9,0,34,0
143,WILL FULLER,HOU,WR,25,11,11,0,0,0,0,0,0,0,0,0,71,49,670,13.67,3,1,0,3,0,0,85,134.0,137.0,109.5,0,53,0
144,MARCUS MARIOTA,TEN,QB,26,7,6,95,160,1203,7,2,24,129,5.38,0,0,0,0,0,0,3,0,0,0,0,85,85.0,93.0,87.0,0,33,0
145,HUNTER RENFROW,OAK,WR,24,13,4,0,0,0,0,0,0,0,0,0,71,49,605,12.35,4,1,0,4,0,0,85,133.5,136.5,109.0,0,55,0
146,STERLING SHEPARD,NYG,WR,26,10,10,0,0,0,0,0,6,72,12.00,0,83,57,576,10.11,3,0,0,3,1,0,85,141.8,144.8,113.3,0,54,0
147,MATT BREIDA,SFO,RB,24,13,5,0,0,0,0,0,123,623,5.07,1,22,19,120,6.32,1,2,1,2,0,0,84,103.3,110.3,93.8,0,45,0
148,ADAM THIELEN,MIN,WR,29,10,10,0,0,0,0,0,4,6,1.50,1,48,30,418,13.93,6,0,0,7,0,0,84,114.4,117.4,99.4,0,56,0
149,TAYSOM HILL,NOR,QB,29,16,5,3,6,55,0,0,27,156,5.78,1,22,19,234,12.32,6,0,0,7,0,0,83,102.2,108.2,92.7,0,35,0
150,FRANK GORE,BUF,RB,36,16,8,0,0,0,0,0,166,599,3.61,2,16,13,100,7.69,0,0,0,2,0,0,82,94.9,100.9,88.4,0,46,0
151,T.Y. HILTON,IND,WR,30,10,10,0,0,0,0,0,0,0,0,0,68,45,501,11.13,5,0,0,5,0,0,80,125.1,128.1,102.6,0,58,0
152,KENNY STILLS,HOU,WR,27,13,5,0,0,0,0,0,0,0,0,0,55,40,561,14.03,4,0,0,4,0,0,80,120.1,123.1,100.1,0,57,0
153,DANNY AMENDOLA,DET,WR,34,15,10,1,1,19,1,0,0,0,0,0,97,62,678,10.94,1,0,0,1,0,0,79,140.6,143.6,109.6,0,60,0
154,ALSHON JEFFERY,PHI,WR,29,10,10,0,0,0,0,0,1,2,2.00,1,73,43,490,11.40,4,0,0,5,0,0,79,122.2,125.2,100.7,0,59,0
155,DWAYNE HASKINS,WAS,QB,22,9,7,119,203,1365,7,7,20,101,5.05,0,0,0,0,0,0,6,2,0,0,1,77,76.7,91.7,83.7,0,36,0
156,JASON WITTEN,DAL,TE,37,16,16,0,0,0,0,0,0,0,0,0,83,63,529,8.40,4,1,1,4,1,0,77,139.9,143.9,108.4,0,12,0
157,BRANDIN COOKS,LAR,WR,26,14,14,0,0,0,0,0,6,52,8.67,0,72,42,583,13.88,2,0,0,2,0,0,76,117.5,120.5,96.5,0,62,0
158,DARREN FELLS,HOU,TE,33,16,14,0,0,0,0,0,0,0,0,0,48,34,341,10.03,7,0,0,7,0,0,76,110.1,113.1,93.1,0,13,0
159,ANTHONY MILLER,CHI,WR,25,16,7,0,0,0,0,0,1,-1,-1.00,0,85,52,656,12.62,2,1,1,2,0,0,76,127.5,131.5,101.5,0,63,0
160,STEVEN SIMS,WAS,WR,22,16,2,0,1,0,0,0,9,85,9.44,1,56,34,310,9.12,4,1,0,6,0,0,76,109.5,112.5,92.5,0,61,0
161,KERRYON JOHNSON,DET,RB,22,8,7,0,0,0,0,0,113,403,3.57,3,15,10,127,12.70,1,1,1,4,0,0,75,85.0,92.0,80.0,0,47,0
162,KYLE RUDOLPH,MIN,TE,30,16,16,0,0,0,0,0,0,0,0,0,48,39,367,9.41,6,0,0,6,1,0,75,113.7,116.7,94.2,0,14,0
163,REX BURKHEAD,NWE,RB,29,13,1,0,0,0,0,0,65,302,4.65,3,38,27,279,10.33,0,1,1,3,0,0,74,101.1,108.1,87.6,0,49,0
164,NYHEIM HINES,IND,RB,23,16,2,0,0,0,0,0,52,199,3.83,2,58,44,320,7.27,0,1,1,4,0,0,74,117.9,124.9,95.9,0,50,0
165,TONY POLLARD,DAL,RB,22,15,0,0,0,0,0,0,86,455,5.29,2,20,15,107,7.13,1,1,1,3,1,0,74,89.2,96.2,81.7,0,48,0
166,BOSTON SCOTT,PHI,RB,24,11,2,0,0,0,0,0,61,245,4.02,5,26,24,204,8.50,0,4,1,5,0,0,73,96.9,103.9,84.9,0,51,0
167,COREY DAVIS,TEN,WR,24,15,11,0,0,0,0,0,0,0,0,0,69,43,601,13.98,2,1,0,2,0,0,72,115.1,118.1,93.6,0,64,0
168,PHILLIP DORSETT,NWE,WR,26,14,4,0,0,0,0,0,3,21,7.00,0,54,29,397,13.69,5,0,0,5,0,0,72,100.8,103.8,86.3,0,65,0
169,GREG OLSEN,CAR,TE,34,14,14,0,0,0,0,0,0,0,0,0,82,52,597,11.48,2,0,0,2,0,0,72,123.7,126.7,97.7,0,15,0
170,CHASE EDMONDS,ARI,RB,23,13,2,0,0,0,0,0,60,303,5.05,4,21,12,105,8.75,1,0,0,5,0,0,71,82.8,88.8,76.8,0,52,0
171,NOAH FANT,DEN,TE,22,16,11,0,0,0,0,0,3,-12,-4.00,0,66,40,562,14.05,3,1,1,3,0,0,71,111.0,115.0,91.0,0,16,0
172,JUJU SMITH-SCHUSTER,PIT,WR,23,12,12,0,0,0,0,0,0,0,0,0,70,42,552,13.14,3,1,1,3,0,0,71,113.2,117.2,92.2,0,66,0
173,JONNU SMITH,TEN,TE,24,16,14,0,0,0,0,0,4,78,19.50,0,44,35,439,12.54,3,0,0,3,0,0,70,104.7,107.7,87.2,0,17,0
174,JACK DOYLE,IND,TE,29,16,16,0,0,0,0,0,0,0,0,0,72,43,448,10.42,4,1,0,4,0,0,69,111.8,114.8,90.3,0,18,0
175,DEMARCUS ROBINSON,KAN,WR,25,16,10,0,0,0,0,0,0,0,0,0,55,32,449,14.03,4,0,0,4,0,0,69,100.9,103.9,84.9,0,67,0
176,KENDRICK BOURNE,SFO,WR,24,16,0,0,0,0,0,0,0,0,0,0,44,30,358,11.93,5,0,0,5,1,0,68,97.8,100.8,82.8,0,69,0
177,ALLEN LAZARD,GNB,WR,24,16,3,0,0,0,0,0,1,21,21.00,0,52,35,477,13.63,3,0,0,3,0,0,68,102.8,105.8,85.3,0,68,0
178,DREW LOCK,DEN,QB,23,5,5,100,156,1020,7,3,18,72,4.00,0,0,0,0,0,0,3,1,0,0,0,68,68.0,75.0,71.0,0,37,0
179,RASHAAD PENNY,SEA,RB,23,10,0,0,0,0,0,0,65,370,5.69,3,11,8,83,10.38,1,1,1,4,0,0,67,75.3,79.3,71.3,0,53,0
180,JOHN ROSS,CIN,WR,24,8,8,0,0,0,0,0,3,4,1.33,0,56,28,506,18.07,3,1,1,3,0,0,67,95.0,99.0,81.0,0,70,0
181,EVAN ENGRAM,NYG,TE,25,8,6,0,0,0,0,0,3,7,2.33,0,68,44,467,10.61,3,0,0,3,0,0,65,109.4,112.4,87.4,0,19,0
182,MOHAMED SANU,2TM,WR,30,15,12,0,0,0,0,0,3,11,3.67,0,89,59,520,8.81,2,0,0,2,0,0,65,124.1,127.1,94.6,0,71,0
183,TYLER EIFERT,CIN,TE,29,16,4,0,0,0,0,0,0,0,0,0,63,43,436,10.14,3,0,0,3,1,0,64,106.6,109.6,85.1,0,21,0
184,RYAN GRIFFIN,NYJ,TE,29,13,13,0,0,0,0,0,0,0,0,0,41,34,320,9.41,5,0,0,5,1,0,64,98.0,101.0,81.0,0,20,0
185,KAREEM HUNT,CLE,RB,24,8,3,0,0,0,0,0,43,179,4.16,2,44,37,285,7.70,1,1,0,3,0,0,64,101.4,107.4,82.9,0,54,0
186,WILLIE SNEAD,BAL,WR,27,16,11,0,0,0,0,0,2,2,1.00,0,46,31,339,10.94,5,0,0,5,0,0,64,95.1,98.1,79.6,0,72,0
187,JIMMY GRAHAM,GNB,TE,33,16,10,0,0,0,0,0,0,0,0,0,60,38,447,11.76,3,1,0,3,0,0,63,100.7,103.7,81.7,0,22,0
188,AUDEN TATE,CIN,WR,22,12,10,0,0,0,0,0,0,0,0,0,80,40,575,14.38,1,1,1,1,0,0,62,101.5,105.5,81.5,0,73,0
189,TAYLOR GABRIEL,CHI,WR,28,9,7,0,0,0,0,0,3,20,6.67,0,48,29,353,12.17,4,0,0,4,0,0,61,90.3,93.3,75.8,0,74,0
190,PRESTON WILLIAMS,MIA,WR,22,8,7,0,0,0,0,0,0,0,0,0,60,32,428,13.38,3,2,1,3,0,0,59,90.8,94.8,74.8,0,75,0
191,ALEXANDER MATTISON,MIN,RB,21,13,0,0,0,0,0,0,100,462,4.62,1,12,10,82,8.20,0,1,1,1,0,0,58,68.4,72.4,63.4,0,55,0
192,MARQUEZ VALDES-SCANTLING,GNB,WR,25,16,10,0,0,0,0,0,2,9,4.50,0,56,26,452,17.38,2,0,0,2,0,0,58,84.1,87.1,71.1,0,76,0
193,MALCOLM BROWN,LAR,RB,26,14,1,0,0,0,0,0,69,255,3.70,5,6,2,16,8.00,0,0,0,5,0,0,57,59.1,62.1,58.1,0,58,0
194,JEFF DRISKEL,DET,QB,26,3,3,62,105,685,4,4,22,151,6.86,1,1,1,6,6.00,0,1,0,1,0,0,57,58.1,68.1,61.6,0,38,0
195,BRIAN HILL,ATL,RB,24,12,2,0,0,0,0,0,78,323,4.14,2,14,10,69,6.90,1,0,0,3,0,0,57,67.2,70.2,62.2,0,57,0
196,JAYLEN SAMUELS,PIT,RB,23,14,4,4,5,35,0,1,66,175,2.65,1,57,47,305,6.49,1,1,1,2,0,0,57,104.4,112.4,81.9,0,56,0
197,TAJAE SHARPE,TEN,WR,25,15,6,0,0,0,0,0,0,0,0,0,35,25,329,13.16,4,0,0,4,0,0,57,81.9,84.9,69.4,0,77,0
198,ERIC EBRON,IND,TE,26,11,2,0,0,0,0,0,0,0,0,0,52,31,375,12.10,3,0,0,3,0,0,56,86.5,89.5,71.0,0,23,0
199,TED GINN JR.,NOR,WR,34,16,9,0,0,0,0,0,3,18,6.00,0,56,30,421,14.03,2,0,0,2,0,0,56,85.9,88.9,70.9,0,78,0
200,NELSON AGHOLOR,PHI,WR,26,11,10,0,0,0,0,0,2,7,3.50,0,69,39,363,9.31,3,2,1,3,1,0,55,94.0,98.0,74.5,0,79,0
201,CAMERON BRATE,TAM,TE,28,16,6,0,0,0,0,0,0,0,0,0,55,36,311,8.64,4,0,0,4,0,0,55,91.1,94.1,73.1,0,24,0
202,KEELAN COLE,JAX,WR,26,16,1,0,0,0,0,0,1,6,6.00,0,35,24,361,15.04,3,0,0,3,0,0,55,78.7,81.7,66.7,0,80,0
203,BLAKE JARWIN,DAL,TE,25,16,7,0,0,0,0,0,0,0,0,0,41,31,365,11.77,3,1,0,3,0,0,55,85.5,88.5,70.0,0,25,0
204,BENNY SNELL JR.,PIT,RB,21,13,2,0,0,0,0,0,108,426,3.94,2,4,3,23,7.67,0,1,1,2,0,0,55,57.9,61.9,56.4,0,59,0
205,JORDAN AKINS,HOU,TE,27,16,9,0,0,0,0,0,0,0,0,0,55,36,418,11.61,2,0,0,2,0,0,54,89.8,92.8,71.8,0,26,0
206,DAVID BLOUGH,DET,QB,24,5,5,94,174,984,4,6,8,31,3.88,0,1,1,19,19.00,1,1,0,1,0,0,54,55.4,64.4,60.9,0,40,0
207,ELI MANNING,NYG,QB,38,4,4,91,147,1042,6,5,4,7,1.75,0,0,0,0,0,0,3,1,0,0,0,54,54.4,63.4,59.4,0,39,0
208,ALEX ERICKSON,CIN,WR,27,16,6,1,1,26,0,0,5,33,6.60,0,78,43,529,12.30,0,4,2,0,0,0,53,96.2,101.2,74.7,0,82,0
209,GERALD EVERETT,LAR,TE,25,13,2,0,0,0,0,0,1,0,0.00,0,60,37,408,11.03,2,0,0,2,0,0,53,89.8,92.8,71.3,0,28,0
210,JACOB HOLLISTER,SEA,TE,26,11,3,0,0,0,0,0,0,0,0,0,59,41,349,8.51,3,0,0,3,0,0,53,93.9,96.9,73.4,0,27,0
211,TRE'QUAN SMITH,NOR,WR,23,11,6,0,0,0,0,0,0,0,0,0,25,18,234,13.00,5,0,0,5,0,0,53,71.4,74.4,62.4,0,81,0
212,DARREL WILLIAMS,KAN,RB,24,12,0,0,0,0,0,0,41,141,3.44,3,19,15,167,11.13,1,1,1,4,0,0,53,67.8,74.8,60.3,0,60,0
213,ALLEN HURNS,MIA,WR,28,14,7,0,0,0,0,0,0,0,0,0,47,32,416,13.00,2,1,1,2,0,0,52,83.6,87.6,67.6,0,83,0
214,DAWSON KNOX,BUF,TE,23,15,11,0,0,0,0,0,1,9,9.00,0,50,28,388,13.86,2,0,0,2,0,0,52,79.7,82.7,65.7,0,29,0
215,CHRIS THOMPSON,WAS,RB,29,11,0,0,0,0,0,0,37,138,3.73,0,58,42,378,9.00,0,1,0,0,0,0,52,93.6,99.6,72.6,0,61,0
216,WILL DISSLY,SEA,TE,23,6,6,0,0,0,0,0,1,7,7.00,0,27,23,262,11.39,4,1,0,4,0,0,51,73.9,76.9,62.4,0,30,0
217,DEVLIN HODGES,PIT,QB,23,8,6,100,160,1063,5,8,21,68,3.24,0,0,0,0,0,0,5,1,0,0,0,51,51.3,63.3,59.3,0,41,0
218,RUSSELL GAGE,ATL,WR,23,16,4,0,0,0,0,0,4,12,3.00,0,74,49,446,9.10,1,1,1,1,0,0,50,98.8,102.8,74.3,0,84,0
219,DERRIUS GUICE,WAS,RB,22,5,1,0,0,0,0,0,42,245,5.83,2,9,7,79,11.29,1,0,0,3,0,0,50,57.4,60.4,53.9,0,62,0
220,O.J. HOWARD,TAM,TE,25,14,14,0,0,0,0,0,0,0,0,0,53,34,459,13.50,1,1,1,1,0,0,50,83.9,87.9,66.9,0,31,0
221,ADAM HUMPHRIES,TEN,WR,26,12,3,0,0,0,0,0,1,1,1.00,0,47,37,374,10.11,2,1,0,2,0,0,50,86.5,89.5,68.0,0,85,0
222,J.D. MCKISSIC,DET,RB,26,16,3,0,0,0,0,0,38,205,5.39,0,42,34,233,6.85,1,0,0,1,0,0,50,83.8,89.8,66.8,0,63,0
223,T.J. HOCKENSON,DET,TE,22,12,7,0,0,0,0,0,0,0,0,0,59,32,367,11.47,2,0,0,2,0,0,49,80.7,83.7,64.7,0,32,0
224,DEMARYIUS THOMAS,NYJ,WR,32,11,10,0,0,0,0,0,0,0,0,0,58,36,433,12.03,1,0,0,1,0,0,49,85.3,88.3,67.3,0,86,0
225,OLABISI JOHNSON,MIN,WR,22,16,6,0,0,0,0,0,1,6,6.00,0,45,31,294,9.48,3,0,0,3,0,0,48,79.0,82.0,63.5,0,87,0
226,MIKE BOONE,MIN,RB,24,16,2,0,0,0,0,0,49,273,5.57,3,4,3,17,5.67,0,0,0,3,0,0,47,50.0,53.0,48.5,0,64,0
227,JOSH GORDON,2TM,WR,28,11,7,0,1,0,0,1,1,1,1.00,0,47,27,426,15.78,1,0,0,1,0,0,47,73.7,77.7,61.2,0,88,0
228,HAYDEN HURST,BAL,TE,26,16,4,0,0,0,0,0,0,0,0,0,39,30,349,11.63,2,0,0,2,0,0,47,76.9,79.9,61.9,0,34,0
229,FOSTER MOREAU,OAK,TE,22,13,7,0,0,0,0,0,0,0,0,0,25,21,174,8.29,5,0,0,5,0,0,47,68.4,71.4,57.9,0,33,0
230,JALEN RICHARD,OAK,RB,26,16,0,0,0,0,0,0,39,145,3.72,0,43,36,323,8.97,0,2,0,0,0,0,47,82.8,88.8,64.8,0,66,0
231,JORDAN WILKINS,IND,RB,25,14,1,0,0,0,0,0,51,307,6.02,2,11,7,43,6.14,0,0,0,2,0,0,47,54.0,57.0,50.5,0,65,0
232,VANCE MCDONALD,PIT,TE,29,14,14,0,0,0,0,0,1,2,2.00,0,55,38,273,7.18,3,1,0,3,0,0,46,83.5,86.5,64.5,0,35,0
233,ALBERT WILSON,MIA,WR,27,13,4,1,2,20,0,0,5,45,9.00,0,62,43,351,8.16,1,0,0,1,0,0,46,89.4,92.4,67.9,0,89,0
234,PATRICK LAIRD,MIA,RB,24,15,4,0,0,0,0,0,62,168,2.71,1,30,23,204,8.87,0,0,0,1,1,0,45,68.2,74.2,56.7,0,67,0
235,RICKY SEALS-JONES,CLE,TE,24,14,3,0,0,0,0,0,0,0,0,0,22,14,229,16.36,4,1,1,4,0,0,45,58.9,62.9,51.9,0,36,0
236,KADEN SMITH,NYG,TE,22,9,6,0,0,0,0,0,0,0,0,0,42,31,268,8.65,3,2,0,3,0,0,45,75.8,78.8,60.3,0,37,0
237,NICK BOYLE,BAL,TE,26,16,15,0,0,0,0,0,0,0,0,0,43,31,321,10.35,2,0,0,2,0,0,44,75.1,78.1,59.6,0,38,0
238,JEFF WILSON,SFO,RB,24,10,0,0,0,0,0,0,27,105,3.89,4,5,3,34,11.33,1,0,0,5,0,0,44,46.9,49.9,45.4,0,68,0
239,DAVID MOORE,SEA,WR,24,14,1,0,0,0,0,0,3,25,8.33,0,34,17,301,17.71,2,2,1,2,0,0,43,59.6,63.6,51.1,0,90,0
240,IRV SMITH JR.,MIN,TE,21,16,7,0,0,0,0,0,0,0,0,0,47,36,311,8.64,2,1,0,2,0,0,43,79.1,82.1,61.1,0,39,0
241,BRANDON BOLDEN,NWE,RB,29,15,2,0,0,0,0,0,15,68,4.53,3,11,9,111,12.33,1,0,0,4,0,0,42,50.9,53.9,46.4,0,70,0
242,JUSTICE HILL,BAL,RB,22,16,0,0,0,0,0,0,58,225,3.88,2,15,8,70,8.75,0,0,0,2,0,0,42,49.5,52.5,45.5,0,71,0
243,CODY LATIMER,NYG,WR,27,15,10,0,0,0,0,0,0,0,0,0,42,24,300,12.50,2,0,0,2,0,0,42,66.0,69.0,54.0,0,91,0
244,MATT MOORE,KAN,QB,35,6,2,59,91,659,4,0,5,-1,-0.20,0,0,0,0,0,0,2,0,0,0,0,42,42.3,45.3,42.3,0,42,0
245,BO SCARBROUGH,DET,RB,25,6,5,0,0,0,0,0,89,377,4.24,1,4,1,5,5.00,0,1,1,1,0,0,42,43.2,47.2,42.7,0,69,0
246,GERONIMO ALLISON,GNB,WR,25,16,6,0,0,0,0,0,1,7,7.00,0,55,34,287,8.44,2,2,1,2,1,0,41,75.4,79.4,58.4,0,92,0
247,JOSH HILL,NOR,TE,29,16,11,0,0,0,0,0,0,0,0,0,35,25,226,9.04,3,0,0,3,0,0,41,65.6,68.6,53.1,0,40,0
248,DION LEWIS,TEN,RB,29,16,1,0,0,0,0,0,54,209,3.87,0,32,25,164,6.56,1,1,1,1,0,0,41,66.3,73.3,53.8,0,72,0
249,JOSH REYNOLDS,LAR,WR,24,16,2,0,0,0,0,0,5,23,4.60,0,43,21,326,15.52,1,0,0,1,0,0,41,61.9,64.9,51.4,0,93,0
250,DAMIERE BYRD,ARI,WR,26,11,3,0,0,0,0,0,0,0,0,0,46,32,359,11.22,1,1,1,1,0,0,40,71.9,75.9,55.9,0,94,0
251,MARCUS JOHNSON,IND,WR,25,8,6,0,0,0,0,0,0,0,0,0,33,17,277,16.29,2,0,0,2,0,0,40,56.7,59.7,48.2,0,95,0
252,DARE OGUNBOWALE,TAM,RB,25,16,0,0,0,0,0,0,11,17,1.55,2,46,35,286,8.17,0,2,1,2,0,0,40,75.3,79.3,57.8,0,73,0
253,SETH ROBERTS,BAL,WR,28,16,0,0,0,0,0,0,0,0,0,0,35,21,271,12.90,2,0,0,2,0,0,39,60.1,63.1,49.6,0,96,0
254,KALEN BALLAGE,MIA,RB,24,12,6,0,0,0,0,0,74,135,1.82,3,24,14,63,4.50,0,0,0,3,0,0,38,51.8,54.8,44.8,0,75,0
255,GIOVANI BERNARD,CIN,RB,28,16,2,0,0,0,0,0,53,170,3.21,0,43,30,234,7.80,0,2,1,0,0,0,38,68.4,75.4,53.4,0,74,0
256,MILES BOYKIN,BAL,WR,23,16,11,0,0,0,0,0,0,0,0,0,22,13,198,15.23,3,0,0,3,0,0,38,50.8,53.8,44.3,0,97,0
257,NICK FOLES,JAX,QB,30,4,4,77,117,736,3,2,4,23,5.75,0,0,0,0,0,0,2,2,0,0,1,38,37.7,44.7,39.7,0,43,0
258,RYQUELL ARMSTEAD,JAX,RB,23,16,1,0,0,0,0,0,35,108,3.09,0,24,14,144,10.29,2,0,0,2,0,0,37,51.2,57.2,44.2,0,76,0
259,WAYNE GALLMAN,NYG,RB,25,10,2,0,0,0,0,0,29,110,3.79,2,15,11,102,9.27,1,1,1,3,0,0,37,48.2,55.2,42.7,0,77,0
260,KELVIN HARMON,WAS,WR,23,16,8,1,1,11,0,0,0,0,0,0,44,30,365,12.17,0,0,0,0,0,0,37,66.9,69.9,51.9,0,98,0
261,PAUL RICHARDSON,WAS,WR,27,10,6,0,0,0,0,0,1,0,0.00,0,42,28,245,8.75,2,0,0,2,0,0,37,64.5,67.5,50.5,0,99,0
262,DAESEAN HAMILTON,DEN,WR,24,16,2,0,0,0,0,0,0,0,0,0,52,28,297,10.61,1,0,0,1,0,0,36,63.7,66.7,49.7,0,102,0
263,TY JOHNSON,DET,RB,22,16,1,0,0,0,0,0,63,273,4.33,0,31,24,109,4.54,0,1,1,0,0,0,36,60.2,67.2,48.2,0,78,0
264,ISAIAH MCKENZIE,BUF,WR,24,15,8,0,0,0,0,0,8,49,6.13,0,39,27,254,9.41,1,0,0,1,0,0,36,63.3,66.3,49.8,0,100,0
265,JAKOBI MEYERS,NWE,WR,23,15,1,0,0,0,0,0,0,0,0,0,41,26,359,13.81,0,0,0,0,0,0,36,61.9,64.9,48.9,0,101,0
266,C.J. UZOMAH,CIN,TE,26,16,16,0,0,0,0,0,0,0,0,0,40,27,242,8.96,2,0,0,2,0,0,36,63.2,66.2,49.7,0,41,0
267,DEMETRIUS HARRIS,CLE,TE,28,15,6,0,0,0,0,0,0,0,0,0,27,15,149,9.93,3,0,0,3,1,0,35,49.9,52.9,42.4,0,42,0
268,JONATHAN WILLIAMS,IND,RB,25,9,1,0,0,0,0,0,49,235,4.80,1,5,5,59,11.80,0,0,0,1,0,0,35,40.4,43.4,37.9,0,79,0
269,TAVON AUSTIN,DAL,WR,29,14,0,0,0,0,0,0,6,47,7.83,1,24,13,177,13.62,1,1,0,2,0,0,34,47.4,50.4,40.9,0,103,0
270,DELANIE WALKER,TEN,TE,35,7,4,0,0,0,0,0,0,0,0,0,31,21,215,10.24,2,1,0,2,0,0,34,54.5,57.5,44.0,0,43,0
271,BRANDON ALLEN,DEN,QB,27,3,3,39,84,515,3,2,10,39,3.90,0,0,0,0,0,0,0,0,0,0,0,33,32.5,37.5,34.5,0,45,0
272,MARVIN HALL,DET,WR,26,9,0,0,0,0,0,0,1,7,7.00,0,11,7,261,37.29,1,0,0,1,0,0,33,39.8,42.8,36.3,0,104,0
273,MATT SCHAUB,ATL,QB,38,6,1,50,67,580,3,1,3,-3,-1.00,0,0,0,0,0,0,1,1,0,0,1,33,32.9,37.9,33.9,0,44,0
274,JARON BROWN,SEA,WR,29,14,4,0,0,0,0,0,0,0,0,0,28,16,220,13.75,2,1,1,2,0,0,32,48.0,52.0,40.0,0,105,0
275,VYNCINT SMITH,NYJ,WR,23,13,4,0,0,0,0,0,3,52,17.33,1,31,17,225,13.24,0,1,1,1,0,0,32,48.7,52.7,40.2,0,107,0
276,GREG WARD,PHI,WR,24,7,3,0,0,0,0,0,1,5,5.00,0,40,28,254,9.07,1,0,0,1,0,0,32,59.9,62.9,45.9,0,106,0
277,PHAROH COOPER,2TM,WR,24,13,1,0,0,0,0,0,1,2,2.00,0,33,25,243,9.72,1,0,0,1,0,0,31,55.5,58.5,43.0,0,110,0
278,KEKE COUTEE,HOU,WR,22,9,4,0,0,0,0,0,2,14,7.00,1,36,22,254,11.55,0,1,1,1,0,0,31,52.8,56.8,41.8,0,108,0
279,KYLE JUSZCZYK,SFO,RB,28,12,12,0,0,0,0,0,3,7,2.33,0,24,20,239,11.95,1,0,0,1,0,0,31,50.6,53.6,40.6,0,80,0
280,MALIK TURNER,SEA,WR,23,15,3,0,0,0,0,0,0,0,0,0,22,15,245,16.33,1,0,0,1,0,0,31,45.5,48.5,38.0,0,109,0
281,CHARLES CLAY,ARI,TE,30,15,10,0,0,0,0,0,0,0,0,0,24,18,237,13.17,1,0,0,1,0,0,30,47.7,50.7,38.7,0,45,0
282,QADREE OLLISON,ATL,RB,23,8,0,0,0,0,0,0,22,50,2.27,4,2,1,7,7.00,0,1,0,4,0,0,30,30.7,30.7,30.2,0,81,0
283,CHESTER ROGERS,IND,WR,25,12,6,0,0,0,0,0,1,18,18.00,0,28,16,179,11.19,2,2,1,2,0,0,30,45.7,49.7,37.7,0,111,0
284,JEREMY SPRINKLE,WAS,TE,25,16,13,0,0,0,0,0,0,0,0,0,40,26,241,9.27,1,1,0,1,0,0,30,56.1,59.1,43.1,0,44,0
285,JARIUS WRIGHT,CAR,WR,30,16,9,0,0,0,0,0,1,-7,-7.00,0,58,28,296,10.57,0,0,0,0,0,0,29,56.9,59.9,42.9,0,112,0
286,DESEAN JACKSON,PHI,WR,33,3,3,0,0,0,0,0,0,0,0,0,10,9,159,17.67,2,0,0,2,0,0,28,36.9,39.9,32.4,0,113,0
287,JAKE KUMEROW,GNB,WR,27,14,4,0,0,0,0,0,0,0,0,0,21,12,219,18.25,1,0,0,1,0,0,28,39.9,42.9,33.9,0,114,0
288,SCOTT MILLER,TAM,WR,22,10,2,0,0,0,0,0,2,16,8.00,0,26,13,200,15.38,1,0,0,1,0,0,28,40.6,43.6,34.1,0,116,0
289,JUSTIN WATSON,TAM,WR,23,16,2,0,0,0,0,0,0,0,0,0,26,15,159,10.60,2,0,0,2,0,0,28,42.9,45.9,35.4,0,115,0
290,JAKEEM GRANT,MIA,WR,27,10,2,0,0,0,0,0,4,5,1.25,1,33,19,164,8.63,0,2,1,2,0,0,27,45.9,49.9,36.4,0,118,0
291,N'KEAL HARRY,NWE,WR,22,7,5,0,0,0,0,0,5,49,9.80,0,24,12,105,8.75,2,0,0,2,0,0,27,39.4,42.4,33.4,0,117,0
292,JAMES O'SHAUGHNESSY,JAX,TE,27,5,5,0,0,0,0,0,0,0,0,0,20,14,153,10.93,2,0,0,2,0,0,27,41.3,44.3,34.3,0,46,0
293,MARK WALTON,MIA,RB,22,7,4,0,0,0,0,0,53,201,3.79,0,21,15,89,5.93,0,1,1,0,0,0,27,42.0,46.0,34.5,0,82,0
294,CHASE DANIEL,CHI,QB,33,3,1,45,64,435,3,2,6,6,1.00,0,0,0,0,0,0,0,0,0,0,0,26,26.0,31.0,28.0,0,46,0
295,ANTHONY FIRKSER,TEN,TE,24,15,1,0,0,0,0,0,0,0,0,0,24,14,204,14.57,1,0,0,1,0,0,26,40.4,43.4,33.4,0,47,0
296,ISAIAH FORD,MIA,WR,23,8,0,0,0,0,0,0,1,11,11.00,0,35,23,244,10.61,0,0,0,0,0,0,26,48.5,51.5,37.0,0,123,0
297,MARQUISE GOODWIN,SFO,WR,29,9,6,0,0,0,0,0,1,15,15.00,0,21,12,186,15.50,1,0,0,1,0,0,26,38.1,41.1,32.1,0,120,0
298,DONTRELL HILLIARD,CLE,RB,24,14,0,0,0,0,0,0,13,49,3.77,2,15,12,92,7.67,0,2,0,2,0,0,26,38.1,38.1,32.1,0,84,0
299,ANDY ISABELLA,ARI,WR,23,15,1,0,0,0,0,0,4,15,3.75,0,13,9,189,21.00,1,0,0,1,0,0,26,35.4,38.4,30.9,0,119,0
300,BILAL POWELL,NYJ,RB,31,13,1,0,1,0,0,0,59,229,3.88,0,12,7,33,4.71,0,0,0,0,0,0,26,33.2,36.2,29.7,0,83,0
301,TREY QUINN,WAS,WR,24,12,6,0,0,0,0,0,0,0,0,0,47,26,198,7.62,1,1,1,1,1,0,26,51.8,55.8,38.8,0,122,0
302,DAMION RATLEY,CLE,WR,24,13,3,0,0,0,0,0,0,0,0,0,24,12,200,16.67,1,0,0,1,0,0,26,38.0,41.0,32.0,0,121,0
303,MAXX WILLIAMS,ARI,TE,25,16,10,0,0,0,0,0,0,0,0,0,19,15,202,13.47,1,0,0,1,0,0,26,41.2,44.2,33.7,0,48,0
304,DAN ARNOLD,2TM,TE,24,5,1,0,0,0,0,0,0,0,0,0,14,8,127,15.88,2,0,0,2,0,0,25,32.7,35.7,28.7,0,49,0
305,RYAN FINLEY,CIN,QB,25,3,3,41,87,474,2,2,10,77,7.70,0,0,0,0,0,0,4,3,0,0,0,25,24.7,32.7,26.7,0,47,0
306,KEESEAN JOHNSON,ARI,WR,23,10,4,0,0,0,0,0,1,3,3.00,0,42,21,187,8.90,1,1,1,1,1,0,25,46.0,50.0,35.5,0,124,0
307,CORDARRELLE PATTERSON,CHI,WR,28,16,4,0,0,0,0,0,17,103,6.06,0,17,11,83,7.55,0,0,0,1,0,0,25,35.6,38.6,30.1,0,125,0
308,ITO SMITH,ATL,RB,24,7,0,0,0,0,0,0,22,106,4.82,1,14,11,87,7.91,0,0,0,1,0,0,25,36.3,39.3,30.8,0,85,0
309,JAVON WIMS,CHI,WR,25,16,6,0,0,0,0,0,0,0,0,0,39,18,186,10.33,1,0,0,1,0,0,25,42.6,45.6,33.6,0,126,0
310,AMEER ABDULLAH,MIN,RB,26,16,0,0,0,0,0,0,23,115,5.00,0,21,15,88,5.87,1,1,1,1,0,0,24,39.3,43.3,31.8,0,87,0
311,MYLES GASKIN,MIA,RB,22,7,0,0,0,0,0,0,36,133,3.69,1,12,7,51,7.29,0,0,0,1,0,0,24,31.4,34.4,27.9,0,86,0
312,DANTE PETTIS,SFO,WR,24,11,4,1,1,16,0,0,0,0,0,0,24,11,109,9.91,2,0,0,2,0,0,24,34.5,37.5,29.0,0,128,0
313,LAQUON TREADWELL,MIN,WR,24,13,1,0,0,0,0,0,0,0,0,0,16,9,184,20.44,1,0,0,1,0,0,24,33.4,36.4,28.9,0,127,0
314,OLAMIDE ZACCHEAUS,ATL,WR,22,10,0,0,0,0,0,0,0,0,0,0,5,3,115,38.33,1,0,0,2,0,0,24,26.5,29.5,25.0,0,129,0
315,JJ ARCEGA-WHITESIDE,PHI,WR,23,16,5,0,0,0,0,0,0,0,0,0,22,10,169,16.90,1,0,0,1,0,0,23,32.9,35.9,27.9,0,132,0
316,REGGIE BONNAFON,CAR,RB,23,16,0,0,0,0,0,0,16,116,7.25,1,9,6,57,9.50,0,0,0,1,0,0,23,29.3,32.3,26.3,0,88,0
317,RHETT ELLISON,NYG,TE,31,10,7,0,0,0,0,0,0,0,0,0,28,18,167,9.28,1,0,0,1,0,0,23,40.7,43.7,31.7,0,51,0
318,BENNIE FOWLER,NYG,WR,28,8,2,0,0,0,0,0,1,20,20.00,0,36,23,193,8.39,0,0,0,0,1,0,23,46.3,49.3,34.8,0,130,0
319,BYRON PRINGLE,KAN,WR,26,16,0,0,0,0,0,0,0,0,0,0,16,12,170,14.17,1,0,0,1,0,0,23,35.0,38.0,29.0,0,131,0
320,DARWIN THOMPSON,KAN,RB,22,12,0,0,0,0,0,0,37,128,3.46,1,10,9,43,4.78,0,0,0,1,0,0,23,32.1,35.1,27.6,0,89,0
321,LOGAN THOMAS,DET,TE,28,16,3,0,0,0,0,0,0,0,0,0,28,16,173,10.81,1,0,0,1,0,0,23,39.3,42.3,31.3,0,50,0
322,DUKE WILLIAMS,BUF,WR,27,4,3,0,0,0,0,0,0,0,0,0,19,12,166,13.83,1,0,0,1,0,0,23,34.6,37.6,28.6,0,133,0
323,JUSTIN JACKSON,LAC,RB,23,7,0,0,0,0,0,0,29,200,6.90,0,11,9,22,2.44,0,0,0,0,0,0,22,31.2,34.2,26.7,0,90,0
324,ZAY JONES,2TM,WR,24,15,9,0,0,0,0,0,1,3,3.00,0,45,27,216,8.00,0,0,0,0,0,0,22,48.9,51.9,35.4,0,134,0
325,MARCEDES LEWIS,GNB,TE,35,16,11,0,0,0,0,0,0,0,0,0,19,15,156,10.40,1,0,0,1,0,0,22,36.6,39.6,29.1,0,52,0
326,TIM PATRICK,DEN,WR,26,8,2,0,0,0,0,0,0,0,0,0,31,16,218,13.63,0,0,0,0,0,0,22,37.8,40.8,29.8,0,135,0
327,ROSS DWELLEY,SFO,TE,24,16,6,0,0,0,0,0,0,0,0,0,22,15,91,6.07,2,0,0,2,0,0,21,36.1,36.1,28.6,0,53,0
328,JAEDEN GRAHAM,ATL,TE,24,16,0,0,0,0,0,0,0,0,0,0,10,9,149,16.56,1,0,0,1,0,0,21,29.9,32.9,25.4,0,54,0
329,C.J. HAM,MIN,RB,26,16,7,0,0,0,0,0,7,17,2.43,0,26,17,149,8.76,1,1,1,1,0,0,21,37.6,41.6,29.1,0,91,0
330,BRIAN HOYER,IND,QB,34,4,1,35,65,372,4,4,8,2,0.25,0,0,0,0,0,0,2,1,0,0,0,21,21.1,29.1,25.1,0,48,0
331,KALIF RAYMOND,TEN,WR,25,8,1,0,0,0,0,0,1,-5,-5.00,0,12,9,170,18.89,1,1,1,1,0,0,21,29.5,33.5,25.0,0,136,0
332,PARRIS CAMPBELL,IND,WR,22,7,3,0,0,0,0,0,4,34,8.50,0,24,18,127,7.06,1,3,1,1,0,0,20,38.1,42.1,29.1,0,139,0
333,DEREK CARRIER,OAK,TE,29,16,4,0,0,0,0,0,1,27,27.00,0,19,13,108,8.31,1,0,0,1,0,0,20,32.5,35.5,26.0,0,56,0
334,TREVOR DAVIS,3TM,WR,26,14,4,0,0,0,0,0,4,73,18.25,1,11,8,111,13.88,0,3,2,1,0,0,20,28.4,33.4,24.4,0,138,0
335,JUSTIN HARDY,ATL,WR,28,16,1,0,0,0,0,0,0,0,0,0,26,19,195,10.26,0,0,0,0,0,0,20,38.5,41.5,29.0,0,140,0
336,RICHIE JAMES,SFO,WR,24,16,1,0,0,0,0,0,2,-1,-0.50,0,10,6,165,27.50,1,1,1,1,0,0,20,26.4,30.4,23.4,0,137,0
337,IAN THOMAS,CAR,TE,23,16,3,0,0,0,0,0,0,0,0,0,30,16,136,8.50,1,0,0,1,0,0,20,35.6,38.6,27.6,0,55,0
338,MATT LACOSSE,NWE,TE,27,11,8,0,0,0,0,0,0,0,0,0,19,13,131,10.08,1,0,0,1,0,0,19,32.1,35.1,25.6,0,57,0
339,TY MONTGOMERY,NYJ,RB,26,16,2,0,0,0,0,0,32,103,3.22,0,17,13,90,6.92,0,0,0,0,0,0,19,32.3,35.3,25.8,0,92,0
340,C.J. PROSISE,SEA,RB,25,9,0,0,0,0,0,0,23,72,3.13,1,12,10,76,7.60,0,1,1,1,0,0,19,28.8,29.8,23.8,0,93,0
341,VERNON DAVIS,WAS,TE,35,4,1,0,0,0,0,0,0,0,0,0,19,10,123,12.30,1,0,0,1,0,0,18,28.3,31.3,23.3,0,58,0
342,DARRELL HENDERSON,LAR,RB,22,13,0,0,0,0,0,0,39,147,3.77,0,6,4,37,9.25,0,0,0,0,0,0,18,22.4,25.4,20.4,0,94,0
343,DONTRELLE INMAN,2TM,WR,30,7,1,0,0,0,0,0,0,0,0,0,21,12,181,15.08,0,0,0,0,0,0,18,30.1,33.1,24.1,0,141,0
344,JOSH ROSEN,MIA,QB,22,6,3,58,109,567,1,5,3,13,4.33,0,0,0,0,0,0,1,0,0,0,0,18,18.0,26.0,23.0,0,49,0
345,JEFF HEUERMAN,DEN,TE,27,14,11,0,0,0,0,0,0,0,0,0,20,14,114,8.14,1,0,0,1,0,0,17,31.4,34.4,24.4,0,60,0
346,TRAVIS HOMER,SEA,RB,21,16,1,0,0,0,0,0,18,114,6.33,0,13,11,56,5.09,0,0,0,0,0,0,17,28.0,31.0,22.5,0,95,0
347,RYAN IZZO,NWE,TE,24,6,4,0,0,0,0,0,0,0,0,0,9,6,114,19.00,1,0,0,1,0,0,17,23.4,26.4,20.4,0,59,0
348,A.J. MCCARRON,HOU,QB,29,2,1,21,37,225,0,1,5,39,7.80,1,0,0,0,0,0,0,0,1,0,0,17,16.9,17.9,17.9,0,50,0
349,CAM NEWTON,CAR,QB,30,2,2,50,89,572,0,1,5,-2,-0.40,0,0,0,0,0,0,2,2,0,0,0,17,16.7,22.7,17.7,0,51,0
350,NICK O'LEARY,2TM,TE,27,12,5,0,0,0,0,0,0,0,0,0,18,13,109,8.38,1,1,0,1,0,0,17,29.9,32.9,23.4,0,62,0
351,DEVIN SMITH,DAL,WR,27,4,2,0,0,0,0,0,0,0,0,0,9,5,113,22.60,1,0,0,1,0,0,17,22.3,25.3,19.8,0,142,0
352,NICK VANNETT,2TM,TE,26,16,7,0,0,0,0,0,0,0,0,0,22,17,166,9.76,0,0,0,0,0,0,17,33.6,36.6,25.1,0,63,0
353,BEN WATSON,NWE,TE,39,10,8,0,0,0,0,0,0,0,0,0,24,17,173,10.18,0,0,0,0,0,0,17,34.3,37.3,25.8,0,61,0
354,T.J. YELDON,BUF,RB,26,6,0,0,0,0,0,0,17,63,3.71,0,15,13,124,9.54,0,1,1,0,0,0,17,29.7,33.7,23.2,0,96,0
355,ANDREW BECK,DEN,TE,23,16,6,1,1,6,0,0,1,3,3.00,0,12,9,90,10.00,1,0,0,1,0,0,16,24.5,24.5,20.0,0,66,0
356,ROBERT GRIFFIN III,BAL,QB,29,7,1,23,38,225,1,2,20,70,3.50,0,0,0,0,0,0,0,0,0,0,0,16,16.0,18.0,18.0,0,52,0
357,HALE HENTGES,WAS,TE,23,11,4,0,0,0,0,0,0,0,0,0,14,8,103,12.88,1,0,0,1,0,0,16,24.3,27.3,20.3,0,64,0
358,ROBERT TONYAN,GNB,TE,25,11,1,0,0,0,0,0,0,0,0,0,15,10,100,10.00,1,0,0,1,0,0,16,26.0,29.0,21.0,0,65,0
359,JOSHUA PERKINS,PHI,TE,26,5,0,0,0,0,0,0,0,0,0,0,13,9,87,9.67,1,0,0,1,0,0,15,23.7,23.7,19.2,0,68,0
360,MYCOLE PRUITT,TEN,TE,27,16,10,0,0,0,0,0,0,0,0,0,8,6,90,15.00,1,0,0,1,0,0,15,21.0,21.0,18.0,0,67,0
361,WENDELL SMALLWOOD,WAS,RB,25,15,0,0,0,0,0,0,22,81,3.68,0,13,9,64,7.11,0,0,0,0,0,0,15,23.5,23.5,19.0,0,97,0
362,DEANDRE CARTER,HOU,WR,26,16,3,0,0,0,0,0,0,0,0,0,14,11,162,14.73,0,2,1,0,0,0,14,25.2,29.2,19.7,0,143,0
363,SETH DEVALVE,JAX,TE,26,12,6,0,0,0,0,0,0,0,0,0,18,12,140,11.67,0,0,0,0,0,0,14,26.0,29.0,20.0,0,70,0
364,TREY EDMUNDS,PIT,RB,25,11,0,0,0,0,0,0,22,92,4.18,0,7,6,48,8.00,0,0,0,0,0,0,14,20.0,20.0,17.0,0,99,0
365,VIRGIL GREEN,LAC,TE,31,15,4,0,0,0,0,0,0,0,0,0,13,9,78,8.67,1,0,0,1,0,0,14,22.8,22.8,18.3,0,71,0
366,WES HILLS,DET,RB,24,1,1,0,0,0,0,0,10,21,2.10,2,2,2,1,0.50,0,0,0,2,0,0,14,16.2,16.2,15.2,0,98,0
367,JESSE JAMES,DET,TE,25,16,11,0,0,0,0,0,0,0,0,0,27,16,142,8.88,0,0,0,0,0,0,14,30.2,33.2,22.2,0,69,0
368,DANIEL BROWN,NYJ,WR,27,16,5,0,0,0,0,0,0,0,0,0,11,7,72,10.29,1,0,0,1,0,0,13,20.2,20.2,16.7,0,145,0
369,KEELAN DOSS,OAK,WR,23,8,2,0,0,0,0,0,0,0,0,0,14,11,133,12.09,0,0,0,0,0,0,13,24.3,27.3,18.8,0,144,0
370,RICO GAFFORD,OAK,WR,23,4,1,0,0,0,0,0,0,0,0,0,2,2,66,33.00,1,0,0,1,0,0,13,14.6,14.6,13.6,0,147,0
371,MACK HOLLINS,2TM,WR,26,16,3,0,0,0,0,0,0,0,0,0,23,10,125,12.50,0,0,0,0,0,0,13,22.5,25.5,17.5,0,148,0
372,JESPER HORSTED,CHI,WR,22,6,1,0,0,0,0,0,0,0,0,0,10,8,87,10.88,1,1,1,1,0,0,13,20.7,21.7,16.7,0,146,0
373,TYLER KROFT,BUF,TE,27,11,3,0,0,0,0,0,0,0,0,0,14,6,71,11.83,1,0,0,1,0,0,13,19.1,19.1,16.1,0,72,0
374,BEN ROETHLISBERGER,PIT,QB,37,2,2,35,62,351,0,1,1,7,7.00,0,0,0,0,0,0,1,0,0,0,0,13,12.7,16.7,13.7,0,53,0
375,KERRITH WHYTE JR,PIT,RB,23,6,0,0,0,0,0,0,24,122,5.08,0,1,1,9,9.00,0,0,0,0,0,0,13,14.1,17.1,13.6,0,100,0
376,BEN BRAUNECKER,CHI,TE,25,11,3,0,0,0,0,0,0,0,0,0,11,6,59,9.83,1,0,0,1,0,0,12,17.9,17.9,14.9,0,73,0
377,ANTONIO BROWN,NWE,WR,31,1,0,0,0,0,0,0,1,5,5.00,0,8,4,56,14.00,1,0,0,1,0,0,12,16.1,16.1,14.1,0,150,0
378,DEON CAIN,2TM,WR,23,13,6,0,0,0,0,0,0,0,0,0,20,9,124,13.78,0,0,0,0,0,0,12,21.4,24.4,16.9,0,149,0
379,RASHARD HIGGINS,CLE,WR,25,10,1,0,0,0,0,0,0,0,0,0,11,4,55,13.75,1,0,0,1,0,0,12,15.5,15.5,13.5,0,151,0
380,ALEC INGOLD,OAK,RB,23,16,4,0,0,0,0,0,10,17,1.70,0,6,6,44,7.33,1,0,0,1,0,0,12,18.1,18.1,15.1,0,101,0
381,JAVORIUS ALLEN,NYG,RB,28,10,0,0,0,0,0,0,10,36,3.60,1,2,1,9,9.00,0,0,0,1,0,0,11,11.5,11.5,11.0,0,104,0
382,STEPHEN CARLSON,CLE,TE,23,9,5,0,0,0,0,0,0,0,0,0,7,5,51,10.20,1,0,0,1,0,0,11,16.1,16.1,13.6,0,75,0
383,PATRICK RICARD,BAL,RB,25,16,7,0,0,0,0,0,0,0,0,0,11,8,47,5.88,1,0,0,1,0,0,11,18.7,18.7,14.7,0,103,0
384,DARREN SPROLES,PHI,RB,36,6,1,0,0,0,0,0,17,66,3.88,0,10,6,24,4.00,0,1,0,0,1,0,11,17.0,17.0,14.0,0,102,0
385,TOMMY SWEENEY,BUF,TE,24,6,1,0,0,0,0,0,0,0,0,0,13,8,114,14.25,0,0,0,0,0,0,11,19.4,22.4,15.4,0,74,0
386,BRANDON ZYLSTRA,CAR,WR,26,8,0,0,0,0,0,0,0,0,0,0,12,8,106,13.25,0,1,0,0,0,0,11,18.6,21.6,14.6,0,152,0
387,MARCELL ATEMAN,OAK,WR,25,11,0,0,0,0,0,0,0,0,0,0,10,5,116,23.20,0,1,1,0,0,0,10,14.6,18.6,12.1,0,155,0
388,BRAXTON BERRIOS,NYJ,WR,24,16,0,0,0,0,0,0,0,0,0,0,13,6,115,19.17,0,1,1,0,0,0,10,15.5,19.5,12.5,0,156,0
389,TROY FUMAGALLI,DEN,TE,24,11,5,0,0,0,0,0,0,0,0,0,9,6,38,6.33,1,0,0,1,0,0,10,15.8,15.8,12.8,0,77,0
390,DEONTE HARRIS,NOR,WR,22,14,1,0,0,0,0,0,4,31,7.75,0,6,6,24,4.00,0,3,1,1,0,0,10,15.5,16.5,12.5,0,157,0
391,ANDY JANOVICH,DEN,RB,26,7,3,0,0,0,0,0,1,1,1.00,1,5,5,42,8.40,0,0,0,1,0,0,10,15.3,15.3,12.8,0,105,0
392,T.J. JONES,NYG,WR,27,3,0,0,0,0,0,0,0,0,0,0,4,3,38,12.67,1,3,0,1,0,0,10,12.8,12.8,11.3,0,153,0
393,JJ NELSON,OAK,WR,27,2,1,0,0,0,0,0,0,0,0,0,5,4,36,9.00,1,0,0,1,0,0,10,13.6,13.6,11.6,0,154,0
394,DAVID NJOKU,CLE,TE,23,4,1,0,0,0,0,0,0,0,0,0,10,5,41,8.20,1,0,0,1,0,0,10,15.1,15.1,12.6,0,76,0
395,DANNY VITALE,GNB,RB,26,15,4,0,0,0,0,0,1,3,3.00,0,12,7,97,13.86,0,0,0,0,0,0,10,17.0,17.0,13.5,0,107,0
396,DEREK WATT,LAC,RB,27,16,2,0,0,0,0,0,7,10,1.43,1,5,3,32,10.67,0,0,0,1,0,0,10,13.2,13.2,11.7,0,106,0
397,MO ALIE-COX,IND,TE,26,16,2,0,0,0,0,0,0,0,0,0,11,8,93,11.63,0,0,0,0,0,0,9,17.3,17.3,13.3,0,78,0
398,KENJON BARNER,ATL,RB,30,14,0,1,1,3,0,0,4,28,7.00,0,8,6,22,3.67,0,4,1,1,0,0,9,15.1,16.1,12.1,0,110,0
399,CHRISTIAN BLAKE,ATL,WR,23,9,3,0,0,0,0,0,0,0,0,0,24,11,91,8.27,0,0,0,0,0,0,9,20.1,20.1,14.6,0,160,0
400,ANTONIO CALLAWAY,CLE,WR,22,4,2,0,0,0,0,0,0,0,0,0,15,8,89,11.13,0,0,0,0,0,0,9,16.9,16.9,12.9,0,161,0
401,LUKE FALK,NYJ,QB,25,3,2,47,73,416,0,3,0,0,0,0,0,0,0,0,0,2,1,0,0,0,9,8.6,15.6,11.6,0,54,0
402,ROBERT FOSTER,BUF,WR,25,13,2,0,0,0,0,0,2,29,14.50,0,18,3,64,21.33,0,0,0,0,0,0,9,12.3,12.3,10.8,0,158,0
403,J.P. HOLTZ,2TM,TE,26,15,7,0,0,0,0,0,0,0,0,0,8,7,91,13.00,0,0,0,0,0,0,9,16.1,16.1,12.6,0,79,0
404,D'ERNEST JOHNSON,CLE,RB,23,16,0,0,0,0,0,0,4,21,5.25,0,7,6,71,11.83,0,0,0,0,0,0,9,15.2,15.2,12.2,0,109,0
405,MARSHAWN LYNCH,SEA,RB,33,1,0,0,0,0,0,0,12,34,2.83,1,0,0,0,0,0,0,0,1,0,0,9,9.4,9.4,9.4,0,108,0
406,LEE SMITH,BUF,WR,32,16,5,0,0,0,0,0,0,0,0,0,5,4,31,7.75,1,0,0,1,0,0,9,13.1,13.1,11.1,0,159,0
407,ALEX ARMAH,CAR,RB,25,16,1,0,0,0,0,0,6,11,1.83,1,2,2,6,3.00,0,0,0,1,0,0,8,9.7,9.7,8.7,0,112,0
408,NICK BELLORE,SEA,RB,30,14,1,0,0,0,0,0,0,0,0,0,2,2,23,11.50,1,0,0,1,0,0,8,10.3,10.3,9.3,0,111,0
409,VENTELL BRYANT,DAL,WR,23,12,0,0,0,0,0,0,0,0,0,0,1,1,15,15.00,1,0,0,1,0,0,8,8.5,8.5,8.0,0,165,0
410,TREY BURTON,CHI,TE,28,8,5,0,0,0,0,0,0,0,0,0,24,14,84,6.00,0,0,0,0,0,0,8,22.4,22.4,15.4,0,80,0
411,KHADAREL HODGE,CLE,WR,24,16,1,0,0,0,0,0,0,0,0,0,10,4,76,19.00,0,0,0,0,0,0,8,11.6,11.6,9.6,0,164,0
412,TRENT SHERFIELD,ARI,WR,23,16,1,0,0,0,0,0,0,0,0,0,13,4,80,20.00,0,0,0,0,0,0,8,12.0,12.0,10.0,0,163,0
413,DAMION WILLIS,CIN,WR,22,10,2,0,0,0,0,0,0,0,0,0,16,9,82,9.11,0,0,0,0,0,0,8,17.2,17.2,12.7,0,162,0
414,LUKE WILLSON,SEA,TE,29,8,7,0,0,0,0,0,0,0,0,0,10,8,79,9.88,0,0,0,0,0,0,8,15.9,15.9,11.9,0,81,0
415,CHAD BEEBE,MIN,WR,25,3,0,0,0,0,0,0,0,0,0,0,2,2,70,35.00,0,3,0,0,0,0,7,9.0,9.0,8.0,0,166,0
416,BLAKE BELL,KAN,TE,28,15,7,0,0,0,0,0,0,0,0,0,15,8,67,8.38,0,0,0,0,0,0,7,14.7,14.7,10.7,0,83,0
417,DEVONTAE BOOKER,DEN,RB,27,16,0,0,0,0,0,0,2,9,4.50,0,9,6,57,9.50,0,0,0,0,0,0,7,12.6,12.6,9.6,0,118,0
418,TRA CARSON,2TM,RB,27,3,1,0,0,0,0,0,18,48,2.67,0,4,4,18,4.50,0,0,0,0,0,0,7,10.6,10.6,8.6,0,116,0
419,CETHAN CARTER,CIN,TE,24,15,0,0,0,0,0,0,0,0,0,0,3,2,13,6.50,1,0,0,1,0,0,7,9.3,9.3,8.3,0,82,0
420,CHRIS HOGAN,CAR,WR,32,7,1,0,0,0,0,0,0,0,0,0,15,8,67,8.38,0,0,0,0,0,0,7,14.7,14.7,10.7,0,168,0
421,TROYMAINE POPE,LAC,RB,26,14,0,0,0,0,0,0,10,20,2.00,0,3,2,14,7.00,1,1,1,1,0,0,7,9.4,10.4,8.4,0,113,0
422,RILEY RIDLEY,CHI,WR,23,5,0,0,0,0,0,0,0,0,0,0,7,6,69,11.50,0,0,0,0,0,0,7,12.9,12.9,9.9,0,167,0
423,ADAM SHAHEEN,CHI,RB,25,8,2,0,0,0,0,0,0,0,0,0,13,9,74,8.22,0,1,1,0,1,0,7,16.4,17.4,11.9,0,114,0
424,DURHAM SMYTHE,MIA,TE,24,16,14,0,0,0,0,0,0,0,0,0,14,7,65,9.29,0,0,0,0,0,0,7,13.5,13.5,10.0,0,85,0
425,GEOFF SWAIM,JAX,TE,26,6,2,0,0,0,0,0,0,0,0,0,17,13,65,5.00,0,0,0,0,0,0,7,19.5,19.5,13.0,0,84,0
426,SPENCER WARE,KAN,RB,28,3,1,0,0,0,0,0,17,51,3.00,0,7,5,22,4.40,0,1,0,0,0,0,7,12.3,12.3,9.8,0,115,0
427,DWAYNE WASHINGTON,NOR,RB,25,16,0,0,0,0,0,0,8,60,7.50,0,1,1,6,6.00,0,0,0,0,0,0,7,7.6,7.6,7.1,0,117,0
428,MATT BARKLEY,BUF,QB,29,2,0,27,51,359,0,3,2,-4,-2.00,0,0,0,0,0,0,3,1,0,0,0,6,6.0,13.0,9.0,0,57,0
429,TYLER CONKLIN,MIN,TE,24,15,1,0,0,0,0,0,0,0,0,0,10,8,58,7.25,0,0,0,0,0,0,6,13.8,13.8,9.8,0,87,0
430,BRETT HUNDLEY,ARI,QB,26,3,0,5,11,49,0,0,7,41,5.86,0,0,0,0,0,0,0,0,0,0,0,6,6.1,6.1,6.1,0,55,0
431,TEVIN JONES,PIT,WR,27,5,0,0,0,0,0,0,0,0,0,0,10,4,61,15.25,0,0,0,0,0,0,6,10.1,10.1,8.1,0,169,0
432,CHRIS LACY,DET,WR,23,7,2,0,0,0,0,0,0,0,0,0,10,3,60,20.00,0,0,0,0,0,0,6,9.0,9.0,7.5,0,170,0
433,ZACH LINE,NOR,RB,29,12,2,0,0,0,0,0,7,20,2.86,0,10,6,36,6.00,0,0,0,0,0,0,6,11.6,11.6,8.6,0,119,0
434,ANDRE PATTON,LAC,WR,25,13,5,0,0,0,0,0,0,0,0,0,17,6,56,9.33,0,0,0,0,0,0,6,11.6,11.6,8.6,0,171,0
435,TYROD TAYLOR,LAC,QB,30,8,0,4,6,33,1,0,10,7,0.70,0,1,0,0,0,0,0,0,0,0,0,6,6.0,6.0,6.0,0,56,0
436,CLIVE WALFORD,MIA,TE,28,7,3,0,0,0,0,0,0,4,0,0,8,4,57,14.25,0,0,0,0,0,0,6,10.1,10.1,8.1,0,86,0
437,KHARI BLASINGAME,TEN,RB,23,6,3,0,0,0,0,0,0,0,0,0,5,4,54,13.50,0,0,0,0,0,0,5,9.4,9.4,7.4,0,120,0
438,DEONTAY BURNETT,PHI,WR,22,1,1,0,0,0,0,0,0,0,0,0,4,2,48,24.00,0,0,0,0,0,0,5,6.8,6.8,5.8,0,173,0
439,MIKE DAVIS,2TM,RB,26,12,1,0,0,0,0,0,13,27,2.08,0,8,7,22,3.14,0,0,0,0,0,0,5,11.9,11.9,8.4,0,123,0
440,PATRICK DIMARCO,BUF,RB,30,16,4,0,0,0,0,0,3,7,2.33,0,7,5,41,8.20,0,0,0,0,0,0,5,9.8,9.8,7.3,0,125,0
441,JON HILLIMAN,NYG,RB,24,3,1,0,0,0,0,0,30,91,3.03,0,4,3,1,0.33,0,2,2,0,0,0,5,8.2,10.2,6.7,0,121,0
442,ALEXANDER HOLLINS,MIN,WR,23,5,1,0,0,0,0,0,0,0,0,0,4,2,46,23.00,0,0,0,0,0,0,5,6.6,6.6,5.6,0,174,0
443,TAIWAN JONES,HOU,RB,31,11,0,0,0,0,0,0,9,40,4.44,0,1,1,9,9.00,0,0,0,0,0,0,5,5.9,5.9,5.4,0,124,0
444,LANCE KENDRICKS,LAC,TE,31,12,1,0,0,0,0,0,0,0,0,0,7,3,50,16.67,0,0,0,0,0,0,5,8.0,8.0,6.5,0,90,0
445,DEVINE OZIGBO,JAX,RB,23,10,0,0,0,0,0,0,9,27,3.00,0,5,3,23,7.67,0,0,0,0,0,0,5,8.0,8.0,6.5,0,122,0
446,ELIJHAA PENNY,NYG,RB,26,16,1,0,0,0,0,0,15,39,2.60,0,4,2,9,4.50,0,0,0,0,0,0,5,6.8,6.8,5.8,0,126,0
447,LUKE STOCKER,ATL,TE,31,15,9,0,0,0,0,0,0,0,0,0,14,8,53,6.63,0,1,0,0,0,0,5,13.3,13.3,9.3,0,88,0
448,TREVON WESCO,NYJ,TE,24,16,1,0,0,0,0,0,1,2,2.00,0,3,2,47,23.50,0,0,0,0,0,0,5,6.9,6.9,5.9,0,91,0
449,DEANDREW WHITE,CAR,WR,28,10,0,0,0,0,0,0,0,0,0,0,9,4,51,12.75,0,0,0,0,0,0,5,9.1,9.1,7.1,0,172,0
450,CEDRICK WILSON JR.,DAL,WR,24,6,0,0,0,0,0,0,0,0,0,0,8,5,46,9.20,0,0,0,0,0,0,5,9.6,9.6,7.1,0,175,0
451,DEON YELDER,KAN,TE,24,9,1,0,0,0,0,0,0,0,0,0,4,3,50,16.67,0,0,0,0,0,0,5,8.0,8.0,6.5,0,89,0
452,C.J. ANDERSON,DET,RB,28,2,0,0,0,0,0,0,16,43,2.69,0,0,0,0,0,0,0,0,0,0,0,4,4.3,4.3,4.3,0,127,0
453,GEREMY DAVIS,LAC,WR,27,7,1,0,0,0,0,0,0,0,0,0,3,3,38,12.67,0,0,0,0,0,0,4,6.8,6.8,5.3,0,177,0
454,MIKE GLENNON,OAK,QB,30,2,0,6,10,56,1,0,2,0,0.00,0,0,0,0,0,0,3,1,0,0,0,4,4.2,5.2,4.2,0,59,0
455,COLT MCCOY,WAS,QB,33,1,1,18,27,122,0,1,2,14,7.00,0,0,0,0,0,0,2,0,0,0,0,4,4.3,5.3,5.3,0,58,0
456,STEVEN MITCHELL,HOU,WR,25,3,1,0,0,0,0,0,0,0,0,0,6,2,37,18.50,0,0,0,0,0,0,4,5.7,5.7,4.7,0,178,0
457,JASON MOORE,LAC,WR,24,10,0,0,0,0,0,0,0,0,0,0,5,2,43,21.50,0,0,0,0,0,0,4,6.3,6.3,5.3,0,176,0
458,PAUL PERKINS,DET,RB,25,4,0,0,0,0,0,0,12,29,2.42,0,1,1,9,9.00,0,0,0,0,0,0,4,4.8,4.8,4.3,0,128,0
459,JAY AJAYI,PHI,RB,26,3,0,0,0,0,0,0,10,30,3.00,0,1,0,0,0,0,0,0,0,0,0,3,3.0,3.0,3.0,0,130,0
460,TRAVIS BENJAMIN,LAC,WR,30,5,2,0,0,0,0,0,0,0,0,0,16,6,30,5.00,0,0,0,0,0,0,3,9.0,9.0,6.0,0,184,0
461,C.J. BOARD,JAX,WR,26,4,0,0,0,0,0,0,0,0,0,0,4,2,31,15.50,0,0,0,0,0,0,3,5.1,5.1,4.1,0,182,0
462,PHARAOH BROWN,CLE,TE,25,9,6,0,0,0,0,0,0,0,0,0,3,2,27,13.50,0,0,0,0,0,0,3,4.7,4.7,3.7,0,94,0
463,CODY CORE,NYG,WR,25,16,0,0,0,0,0,0,0,0,0,0,5,3,28,9.33,0,0,0,0,0,0,3,5.8,5.8,4.3,0,186,0
464,DALYN DAWKINS,TEN,RB,25,2,0,0,0,0,0,0,11,26,2.36,0,1,0,0,0,0,0,0,0,0,0,3,2.6,2.6,2.6,0,131,0
465,DEVIN FUNCHESS,IND,WR,25,1,1,0,0,0,0,0,0,0,0,0,5,3,32,10.67,0,0,0,0,0,0,3,6.2,6.2,4.7,0,181,0
466,JOHNNY HOLTON,PIT,WR,29,16,3,0,0,0,0,0,1,9,9.00,0,15,3,21,7.00,0,0,0,0,0,0,3,6.0,6.0,4.5,0,185,0
467,TANNER HUDSON,TAM,TE,25,9,1,0,0,0,0,0,0,0,0,0,5,2,26,13.00,0,0,0,0,0,0,3,4.6,4.6,3.6,0,96,0
468,ISHMAEL HYMAN,TAM,WR,24,2,1,0,0,0,0,0,0,0,0,0,4,2,34,17.00,0,0,0,0,0,0,3,5.4,5.4,4.4,0,179,0
469,JORDAN MATTHEWS,2TM,WR,27,3,1,0,0,0,0,0,0,0,0,0,12,4,33,8.25,0,0,0,0,0,0,3,7.3,7.3,5.3,0,180,0
470,CODEY MCELROY,TAM,WR,27,1,0,0,0,0,0,0,0,0,0,0,1,1,30,30.00,0,0,0,0,0,0,3,4.0,4.0,3.5,0,183,0
471,JOHNNY MUNDT,LAR,TE,25,13,2,0,0,0,0,0,0,0,0,0,7,4,26,6.50,0,0,0,0,0,0,3,6.6,6.6,4.6,0,95,0
472,ANDRE ROBERTS,BUF,WR,31,13,0,0,0,0,0,0,1,7,7.00,0,7,3,20,6.67,0,1,0,0,0,0,3,5.7,5.7,4.2,0,187,0
473,DREW SAMPLE,CIN,TE,23,9,2,0,0,0,0,0,0,0,0,0,6,5,30,6.00,0,0,0,0,0,0,3,8.0,8.0,5.5,0,93,0
474,DA'MARI SCOTT,NYG,WR,24,5,2,0,0,0,0,0,1,5,5.00,0,3,2,22,11.00,0,0,0,0,0,0,3,4.7,4.7,3.7,0,188,0
475,RUSSELL SHEPARD,NYG,WR,29,3,0,0,0,0,0,0,0,0,0,0,8,3,25,8.33,0,0,0,0,0,0,3,5.5,5.5,4.0,0,191,0
476,ANTHONY SHERMAN,KAN,RB,31,16,0,0,0,0,0,0,4,9,2.25,0,3,2,22,11.00,0,0,0,0,0,0,3,5.1,5.1,4.1,0,129,0
477,CAM SIMS,WAS,WR,23,7,1,0,0,0,0,0,0,0,0,0,3,2,27,13.50,0,0,0,0,0,0,3,4.7,4.7,3.7,0,189,0
478,RYAN SWITZER,PIT,WR,25,9,0,0,0,0,0,0,0,0,0,0,11,8,27,3.38,0,1,0,0,0,0,3,10.7,10.7,6.7,0,190,0
479,ROSS TRAVIS,IND,TE,26,3,1,0,0,0,0,0,0,0,0,0,6,4,51,12.75,0,1,1,0,0,0,3,7.1,8.1,5.1,0,92,0
480,NICK BAWDEN,DET,RB,23,10,2,0,0,0,0,0,0,0,0,0,6,4,17,4.25,0,0,0,0,0,0,2,5.7,5.7,3.7,0,136,0
481,JOSH BELLAMY,NYJ,WR,30,7,0,0,0,0,0,0,0,0,0,0,3,2,20,10.00,0,0,0,0,0,0,2,4.0,4.0,3.0,0,195,0
482,FRED BROWN,DEN,WR,26,13,1,0,0,0,0,0,0,0,0,0,3,2,21,10.50,0,1,0,0,0,0,2,4.1,4.1,3.1,0,193,0
483,MICHAEL CRABTREE,ARI,WR,32,2,1,0,0,0,0,0,0,0,0,0,5,4,22,5.50,0,0,0,0,0,0,2,6.2,6.2,4.2,0,192,0
484,RASHARD DAVIS,TEN,WR,24,1,0,0,0,0,0,0,0,0,0,0,1,1,16,16.00,0,0,0,0,0,0,2,2.6,2.6,2.1,0,203,0
485,ROBERT DAVIS,2TM,WR,24,6,3,0,0,0,0,0,0,0,0,0,5,2,17,8.50,0,0,0,0,0,0,2,3.7,3.7,2.7,0,202,0
486,ASHTON DULIN,IND,WR,22,13,0,0,0,0,0,0,0,0,0,0,2,2,17,8.50,0,0,0,0,0,0,2,3.7,3.7,2.7,0,200,0
487,TYLER ERVIN,2TM,RB,26,10,0,0,0,0,0,0,1,10,10.00,0,4,2,11,5.50,0,2,0,0,0,0,2,4.1,4.1,3.1,0,134,0
488,DARIUS JENNINGS,TEN,WR,27,8,0,0,0,0,0,0,0,0,0,0,5,2,17,8.50,0,0,0,0,0,0,2,3.7,3.7,2.7,0,199,0
489,MARQISE LEE,JAX,WR,28,6,1,0,0,0,0,0,1,1,1.00,0,4,3,18,6.00,0,0,0,0,0,0,2,4.9,4.9,3.4,0,196,0
490,T.J. LOGAN,TAM,RB,25,12,0,0,0,0,0,0,3,10,3.33,0,3,2,13,6.50,0,0,0,0,0,0,2,4.3,4.3,3.3,0,132,0
491,DONTE MONCRIEF,2TM,WR,26,8,2,0,0,0,0,0,0,0,0,0,15,4,18,4.50,0,0,0,0,0,0,2,5.8,5.8,3.8,0,198,0
492,CHRIS MOORE,BAL,WR,26,14,1,0,0,0,0,0,1,0,0.00,0,5,3,21,7.00,0,0,0,0,0,0,2,5.1,5.1,3.6,0,194,0
493,STANLEY MORGAN JR.,CIN,WR,23,11,0,0,0,0,0,0,0,0,0,0,10,3,18,6.00,0,0,0,0,0,0,2,4.8,4.8,3.3,0,197,0
494,JOSH OLIVER,JAX,TE,22,4,1,0,0,0,0,0,0,0,0,0,6,3,15,5.00,0,0,0,0,0,0,2,4.5,4.5,3.0,0,98,0
495,SAMAJE PERINE,2TM,RB,24,7,0,0,0,0,0,0,5,16,3.20,0,0,0,0,0,0,0,0,0,0,0,2,1.6,1.6,1.6,0,137,0
496,ERIC SAUBERT,CHI,TE,25,2,0,0,0,0,0,0,0,0,0,0,3,2,21,10.50,0,0,0,0,0,0,2,4.1,4.1,3.1,0,97,0
497,KEITH SMITH,ATL,RB,27,16,5,0,0,0,0,0,5,8,1.60,0,3,1,13,13.00,0,0,0,0,0,0,2,3.1,3.1,2.6,0,133,0
498,DIONTAE SPENCER,DEN,WR,27,16,2,0,0,0,0,0,3,6,2.00,0,8,6,31,5.17,0,3,1,0,0,0,2,7.7,8.7,4.7,0,201,0
499,BOBO WILSON,TAM,WR,24,6,1,0,0,0,0,0,0,0,0,0,11,3,35,11.67,0,3,1,0,0,0,2,4.5,5.5,3.0,0,204,0
500,ZACH ZENNER,3TM,RB,28,5,0,0,0,0,0,0,3,-2,-0.67,0,3,2,19,9.50,0,0,0,0,0,0,2,3.7,3.7,2.7,0,135,0
501,JOSH ADAMS,NYJ,RB,23,3,0,0,0,0,0,0,8,12,1.50,0,0,0,0,0,0,0,0,0,0,0,1,1.2,1.2,1.2,0,138,0
502,ANTONY AUCLAIR,TAM,TE,26,8,5,0,0,0,0,0,0,0,0,0,3,1,11,11.00,0,0,0,0,0,0,1,2.1,2.1,1.6,0,103,0
503,TONY BROOKS-JAMES,PIT,RB,25,3,0,0,0,0,0,0,8,7,0.88,0,0,0,0,0,0,0,0,0,0,0,1,0.7,0.7,0.7,0,147,0
504,AUSTIN CARR,NOR,WR,26,6,3,0,0,0,0,0,0,0,0,0,4,1,9,9.00,0,0,0,0,0,0,1,1.9,1.9,1.4,0,212,0
505,SEAN CULKIN,LAC,TE,26,4,2,0,0,0,0,0,0,0,0,0,2,1,12,12.00,0,0,0,0,0,0,1,2.2,2.2,1.7,0,100,0
506,JOSH FERGUSON,WAS,RB,26,2,0,0,0,0,0,0,3,9,3.00,0,0,0,0,0,0,0,0,0,0,0,1,0.9,0.9,0.9,0,144,0
507,RYAN GRANT,OAK,WR,29,2,1,0,0,0,0,0,0,0,0,0,9,4,14,3.50,0,0,0,0,0,0,1,5.4,5.4,3.4,0,207,0
508,WILL GRIER,CAR,QB,24,2,2,28,52,228,0,4,7,22,3.14,0,0,0,0,0,0,1,1,0,0,0,1,1.3,6.3,5.3,0,60,0
509,RYAN GRIFFIN,TAM,QB,30,2,0,2,4,18,0,0,4,-1,-0.25,0,0,0,0,0,0,0,0,0,0,0,1,0.6,0.6,0.6,0,62,0
510,DAMIEN HARRIS,NWE,RB,22,2,0,0,0,0,0,0,4,12,3.00,0,0,0,0,0,0,0,0,0,0,0,1,1.2,1.2,1.2,0,139,0
511,DWAYNE HARRIS,OAK,WR,32,3,0,0,0,0,0,0,0,0,0,0,1,1,7,7.00,0,0,0,0,0,0,1,1.7,1.7,1.2,0,213,0
512,CHRIS HERNDON,NYJ,TE,23,1,0,0,0,0,0,0,0,0,0,0,2,1,7,7.00,0,0,0,0,0,0,1,1.7,1.7,1.2,0,107,0
513,CODY HOLLISTER,TEN,WR,26,5,0,0,0,0,0,0,0,0,0,0,2,2,13,6.50,0,0,0,0,0,0,1,3.3,3.3,2.3,0,208,0
514,BUDDY HOWELL,HOU,RB,23,16,0,0,0,0,0,0,5,10,2.00,0,0,0,0,0,0,0,0,0,0,0,1,1.0,1.0,1.0,0,141,0
515,JAKOB JOHNSON,NWE,RB,25,4,3,0,0,0,0,0,0,0,0,0,2,1,5,5.00,0,0,0,0,0,0,1,1.5,1.5,1.0,0,149,0
516,CHARLES JONES,JAX,TE,23,4,0,0,0,0,0,0,0,0,0,0,1,1,5,5.00,0,0,0,0,0,0,1,1.5,1.5,1.0,0,110,0
517,JOHN KELLY,LAR,RB,23,4,0,0,0,0,0,0,3,9,3.00,0,0,0,0,0,0,0,0,0,0,0,1,0.9,0.9,0.9,0,143,0
518,BEN KOYACK,JAX,TE,26,11,6,0,0,0,0,0,0,0,0,0,3,1,9,9.00,0,0,0,0,0,0,1,1.9,1.9,1.4,0,105,0
519,CHRIS MANHERTZ,CAR,TE,27,15,6,0,0,0,0,0,0,0,0,0,1,1,11,11.00,0,0,0,0,0,0,1,2.1,2.1,1.6,0,102,0
520,JOSH MCCOWN,PHI,QB,40,3,0,3,5,24,0,0,2,-2,-1.00,0,0,0,0,0,0,0,0,0,0,0,1,0.8,0.8,0.8,0,61,0
521,RYAN NALL,CHI,RB,24,8,0,0,0,0,0,0,2,8,4.00,0,0,0,0,0,0,0,0,0,0,0,1,0.8,0.8,0.8,0,145,0
522,ISAAC NAUTA,DET,TE,22,6,0,0,0,0,0,0,0,0,0,0,3,2,13,6.50,0,0,0,0,0,0,1,3.3,3.3,2.3,0,99,0
523,GUNNER OLSZEWSKI,NWE,WR,23,8,0,0,0,0,0,0,0,0,0,0,4,2,34,17.00,0,1,1,0,0,0,1,3.4,4.4,2.4,0,206,0
524,RICKY ORTIZ,NOR,RB,25,1,0,0,0,0,0,0,0,0,0,0,1,1,8,8.00,0,0,0,0,0,0,1,1.8,1.8,1.3,0,146,0
525,JORDAN SCARLETT,CAR,RB,23,9,0,0,0,0,0,0,4,9,2.25,0,0,0,0,0,0,0,0,0,0,0,1,0.9,0.9,0.9,0,142,0
526,DALTON SCHULTZ,DAL,TE,23,16,0,0,0,0,0,0,0,0,0,0,2,1,6,6.00,0,0,0,0,0,0,1,1.6,1.6,1.1,0,108,0
527,JALEEL SCOTT,BAL,WR,24,3,0,0,0,0,0,0,0,0,0,0,3,1,6,6.00,0,0,0,0,0,0,1,1.6,1.6,1.1,0,214,0
528,SCOTT SIMONSON,NYG,TE,27,5,1,0,0,0,0,0,0,0,0,0,2,2,11,5.50,0,0,0,0,0,0,1,3.1,3.1,2.1,0,101,0
529,JEFF SMITH,NYJ,WR,22,1,0,0,0,0,0,0,0,0,0,0,2,1,12,12.00,0,0,0,0,0,0,1,2.2,2.2,1.7,0,209,0
530,TYRONE SWOOPES,SEA,TE,25,5,2,0,0,0,0,0,0,0,0,0,1,1,5,5.00,0,0,0,0,0,0,1,1.5,1.5,1.0,0,109,0
531,DE'ANTHONY THOMAS,2TM,WR,26,14,0,0,0,0,0,0,2,5,2.50,0,2,1,6,6.00,0,3,0,0,0,0,1,2.1,2.1,1.6,0,210,0
532,JORDAN THOMAS,HOU,TE,23,5,2,0,0,0,0,0,0,0,0,0,3,1,8,8.00,0,0,0,0,0,0,1,1.8,1.8,1.3,0,106,0
533,MIKE THOMAS,LAR,WR,25,16,0,0,0,0,0,0,0,0,0,0,5,2,14,7.00,0,0,0,0,0,0,1,3.4,3.4,2.4,0,205,0
534,LEVINE TOILOLO,SFO,TE,28,13,0,0,0,0,0,0,0,0,0,0,2,2,10,5.00,0,0,0,0,0,0,1,3.0,3.0,2.0,0,104,0
535,DE'LANCE TURNER,MIA,RB,24,8,0,0,0,0,0,0,4,6,1.50,0,0,0,0,0,0,0,0,0,0,0,1,0.6,0.6,0.6,0,148,0
536,JOHN URSUA,SEA,WR,25,3,0,0,0,0,0,0,0,0,0,0,1,1,11,11.00,0,0,0,0,0,0,1,2.1,2.1,1.6,0,211,0
537,DEXTER WILLIAMS,GNB,RB,22,4,0,0,0,0,0,0,5,11,2.20,0,0,0,0,0,0,0,0,0,0,0,1,1.1,1.1,1.1,0,140,0
538,JERELL ADAMS,HOU,UNKN,27,1,0,0,0,0,0,0,0,0,0,0,0,0,0,0,0,0,0,0,0,0,0,0,0,0,0,119,0
539,STEPHEN ANDERSON,LAC,UNKN,26,1,0,0,0,0,0,0,0,0,0,0,0,0,0,0,0,0,0,0,0,0,0,0,0,0,0,131,0
540,EVAN BAYLIS,GNB,UNKN,26,5,0,0,0,0,0,0,0,0,0,0,0,0,0,0,0,0,0,0,0,0,0,0,0,0,0,118,0
541,KENDALL BLANTON,LAR,UNKN,24,1,0,0,0,0,0,0,0,0,0,0,0,0,0,0,0,0,0,0,0,0,0,0,0,0,0,127,0
542,TIM BOYLE,GNB,QB,25,3,0,3,4,15,0,0,5,-7,-1.40,0,0,0,0,0,0,0,0,0,0,0,0,-0.1,-0.1,-0.1,0,68,0
543,DEANTE BURTON,DAL,UNKN,25,3,0,0,0,0,0,0,0,0,0,0,0,0,0,0,0,0,0,0,0,0,0,0,0,0,0,222,0
544,TRENTON CANNON,NYJ,UNKN,25,4,0,0,0,0,0,0,0,0,0,0,0,0,0,0,0,0,0,0,0,0,0,0,0,0,0,154,0
545,GARRETT CELEK,SFO,UNKN,31,5,1,0,0,0,0,0,0,0,0,0,0,0,0,0,0,0,0,0,0,0,0,0,0,0,0,126,0
546,JORDAN CHUNN,DAL,UNKN,24,1,0,0,0,0,0,0,0,0,0,0,0,0,0,0,0,0,0,0,0,0,0,0,0,0,0,161,0
547,CHANDLER COX,MIA,UNKN,23,13,3,0,0,0,0,0,0,0,0,0,0,0,0,0,0,0,0,0,0,0,0,0,0,0,0,156,0
548,RIVER CRACRAFT,DEN,UNKN,25,1,0,0,0,0,0,0,0,0,0,0,0,0,0,0,0,0,0,0,0,0,0,0,0,0,0,224,0
549,JEROME CUNNINGHAM,WAS,UNKN,28,2,1,0,0,0,0,0,0,0,0,0,0,0,0,0,0,0,0,0,0,0,0,0,0,0,0,122,0
550,DARRELL DANIELS,ARI,TE,25,11,0,0,0,0,0,0,0,0,0,0,3,1,4,4.00,0,0,0,0,0,0,0,1.4,1.4,0.9,0,111,0
551,DAVION DAVIS,MIN,UNKN,23,2,0,0,0,0,0,0,0,0,0,0,0,0,0,0,0,0,0,0,0,0,0,0,0,0,0,218,0
552,JAMES DEVELIN,NWE,TE,31,2,2,0,0,0,0,0,2,3,1.50,0,0,0,0,0,0,0,0,0,0,0,0,0.3,0.3,0.3,0,113,0
553,GARRETT DICKERSON,NYG,UNKN,24,4,0,0,0,0,0,0,0,0,0,0,0,0,0,0,0,0,0,0,0,0,0,0,0,0,0,129,0
554,GEHRIG DIETER,KAN,UNKN,26,2,0,0,0,0,0,0,0,0,0,0,0,0,0,0,0,0,0,0,0,0,0,0,0,0,0,229,0
555,BRANDON DILLON,MIN,UNKN,22,1,0,0,0,0,0,0,0,0,0,0,0,0,0,0,0,0,0,0,0,0,0,0,0,0,0,128,0
556,JOSH DOCTSON,MIN,UNKN,27,1,0,0,0,0,0,0,0,0,0,0,0,0,0,0,0,0,0,0,0,0,0,0,0,0,0,230,0
557,ALEX ELLIS,PHI,UNKN,26,3,0,0,0,0,0,0,0,0,0,0,0,0,0,0,0,0,0,0,0,0,0,0,0,0,0,121,0
558,DAVID FALES,NYJ,UNKN,29,2,0,0,0,0,0,0,0,0,0,0,0,0,0,0,0,0,0,0,0,0,0,0,0,0,0,67,0
559,DAVID FLUELLEN,TEN,UNKN,27,2,0,0,0,0,0,0,0,0,0,0,0,0,0,0,0,0,0,0,0,0,0,0,0,0,0,159,0
560,D.J. FOSTER,ARI,UNKN,26,6,0,0,0,0,0,0,0,0,0,0,0,0,0,0,0,0,0,0,0,0,0,0,0,0,0,160,0
561,TRAVIS FULGHAM,DET,UNKN,24,3,0,0,0,0,0,0,0,0,0,0,3,0,0,0,0,0,0,0,0,0,0,0,0,0,0,228,0
562,ZACH GENTRY,PIT,TE,23,4,0,0,0,0,0,0,0,0,0,0,1,1,4,4.00,0,0,0,0,0,0,0,1.4,1.4,0.9,0,112,0
563,GARRETT GILBERT,CLE,QB,28,5,0,0,3,0,0,0,3,-3,-1.00,0,0,0,0,0,0,0,0,0,0,0,0,-0.3,-0.3,-0.3,0,70,0
564,CULLEN GILLASPIA,HOU,UNKN,24,16,0,0,0,0,0,0,0,0,0,0,0,0,0,0,0,0,0,0,0,0,0,0,0,0,0,162,0
565,C.J. GOODWIN,DAL,UNKN,29,16,0,0,0,0,0,0,0,0,0,0,0,0,0,0,0,0,0,0,0,0,0,0,0,0,0,219,0
566,CYRIL GRAYSON,TAM,WR,26,2,0,0,0,0,0,0,0,0,0,0,1,1,3,3.00,0,0,0,0,0,0,0,1.3,1.3,0.8,0,216,0
567,XAVIER GRIMBLE,PIT,TE,27,3,1,0,0,0,0,0,0,0,0,0,3,1,3,3.00,0,0,0,0,0,0,0,1.3,1.3,0.8,0,114,0
568,JALEN GUYTON,LAC,UNKN,22,3,0,0,0,0,0,0,0,0,0,0,2,0,0,0,0,0,0,0,0,0,0,0,0,0,0,234,0
569,JUSTIN HARDEE,NOR,UNKN,25,16,0,0,0,0,0,0,0,0,0,0,1,0,0,0,0,0,0,0,0,0,0,0,0,0,0,240,0
570,CLARK HARRIS,CIN,UNKN,35,16,0,0,0,0,0,0,0,0,0,0,0,0,0,0,0,0,0,0,0,0,0,0,0,0,0,117,0
571,KRISHAWN HOGAN,NOR,WR,24,8,0,0,0,0,0,0,0,0,0,0,1,1,4,4.00,0,0,0,0,0,0,0,1.4,1.4,0.9,0,215,0
572,LIL'JORDAN HUMPHREY,NOR,UNKN,21,5,1,0,0,0,0,0,0,0,0,0,1,0,0,0,0,0,0,0,0,0,0,0,0,0,0,231,0
573,TRENTON IRWIN,CIN,UNKN,24,1,0,0,0,0,0,0,0,0,0,0,0,0,0,0,0,0,0,0,0,0,0,0,0,0,0,225,0
574,GARY JENNINGS JR,MIA,UNKN,22,1,0,0,0,0,0,0,0,0,0,0,0,0,0,0,0,0,0,0,0,0,0,0,0,0,0,241,0
575,TOM KENNEDY,DET,UNKN,23,1,0,0,0,0,0,0,0,0,0,0,0,0,0,0,0,0,0,0,0,0,0,0,0,0,0,226,0
576,DARVIN KIDSY,WAS,UNKN,24,3,0,0,0,0,0,0,0,0,0,0,0,0,0,0,0,0,0,0,0,0,0,0,0,0,0,239,0
577,KEITH KIRKWOOD,NOR,UNKN,25,1,0,0,0,0,0,0,0,0,0,0,0,0,0,0,0,0,0,0,0,0,0,0,0,0,0,235,0
578,MATT LENGEL,IND,UNKN,29,1,1,0,0,0,0,0,0,0,0,0,0,0,0,0,0,0,0,0,0,0,0,0,0,0,0,132,0
579,JOSH MALONE,NYJ,UNKN,23,2,0,0,0,0,0,0,0,0,0,0,0,0,0,0,0,0,0,0,0,0,0,0,0,0,0,236,0
580,JEREMY MCNICHOLS,JAX,UNKN,24,1,0,0,0,0,0,0,0,0,0,0,0,0,0,0,0,0,0,0,0,0,0,0,0,0,0,164,0
581,TRACE MCSORLEY,BAL,QB,24,1,0,0,0,0,0,0,1,1,1.00,0,0,0,0,0,0,0,0,0,0,0,0,0.1,0.1,0.1,0,64,0
582,CARSON MEIER,ATL,UNKN,24,1,1,0,0,0,0,0,0,0,0,0,0,0,0,0,0,0,0,0,0,0,0,0,0,0,0,124,0
583,JAYDON MICKENS,TAM,UNKN,25,1,0,0,0,0,0,0,0,0,0,0,0,0,0,0,0,0,0,0,0,0,0,0,0,0,0,221,0
584,ALFRED MORRIS,ARI,RB,31,1,0,0,0,0,0,0,1,4,4.00,0,0,0,0,0,0,0,0,0,0,0,0,0.4,0.4,0.4,0,150,0
585,NICK MULLENS,SFO,QB,24,1,0,0,0,0,0,0,3,-3,-1.00,0,0,0,0,0,0,0,0,0,0,0,0,-0.3,-0.3,-0.3,0,69,0
586,JOJO NATSON,LAR,UNKN,25,12,0,0,0,0,0,0,0,0,0,0,0,0,0,0,0,0,0,0,0,0,0,0,0,0,0,227,0
587,ROOSEVELT NIX,PIT,RB,27,3,0,0,0,0,0,0,0,0,0,0,3,2,4,2.00,0,0,0,0,0,0,0,2.4,2.4,1.4,0,152,0
588,MATTHEW ORZECH,JAX,UNKN,24,16,0,0,0,0,0,0,0,0,0,0,0,0,0,0,0,0,0,0,0,0,0,0,0,0,0,133,0
589,SENORISE PERRY,BUF,RB,28,11,0,0,0,0,0,0,3,3,1.00,0,1,1,1,1.00,0,0,0,0,0,0,0,1.4,1.4,0.9,0,151,0
590,CRAIG REYNOLDS,WAS,UNKN,23,3,0,0,0,0,0,0,0,0,0,0,0,0,0,0,0,0,0,0,0,0,0,0,0,0,0,155,0
591,RICHARD RODGERS,PHI,UNKN,27,1,0,0,0,0,0,0,0,0,0,0,0,0,0,0,0,0,0,0,0,0,0,0,0,0,0,125,0
592,COOPER RUSH,DAL,UNKN,26,2,0,0,0,0,0,0,0,0,0,0,0,0,0,0,0,0,0,0,0,0,0,0,0,0,0,66,0
593,SPENCER SCHNELL,TAM,UNKN,25,1,0,0,0,0,0,0,0,0,0,0,0,0,0,0,0,0,0,0,0,0,0,0,0,0,0,237,0
594,MASON SCHRECK,CIN,UNKN,26,2,0,0,0,0,0,0,0,0,0,0,0,0,0,0,0,0,0,0,0,0,0,0,0,0,0,116,0
595,TREVOR SIEMIAN,NYJ,QB,28,1,1,3,6,3,0,0,0,0,0,0,0,0,0,0,0,0,0,0,0,0,0,0.1,0.1,0.1,0,63,0
596,MATTHEW SLATER,NWE,UNKN,34,16,0,0,0,0,0,0,0,0,0,0,0,0,0,0,0,0,0,0,0,0,0,0,0,0,0,238,0
597,ROD SMITH,2TM,UNKN,27,6,0,0,0,0,0,0,0,0,0,0,0,0,0,0,0,0,0,0,0,0,0,0,0,0,0,158,0
598,NATE SOLDER,NYG,UNKN,31,16,16,0,0,0,0,0,0,0,0,0,0,0,0,0,0,0,0,0,0,0,0,0,0,0,0,123,0
599,JACE STERNBERGER,GNB,UNKN,23,6,1,0,0,0,0,0,0,0,0,0,1,0,0,0,0,0,0,0,0,0,0,0,0,0,0,130,0
600,ALEX TANNEY,NYG,QB,32,1,0,1,1,1,0,0,0,0,0,0,0,0,0,0,0,0,0,0,0,0,0,0,0,0,0,65,0
601,TAYWAN TAYLOR,CLE,UNKN,24,3,1,0,0,0,0,0,0,0,0,0,1,0,0,0,0,0,0,0,0,0,0,0,0,0,0,232,0
602,ERIC TOMLINSON,3TM,TE,27,8,3,0,0,0,0,0,0,0,0,0,1,1,1,1.00,0,0,0,0,0,0,0,1.1,1.1,0.6,0,115,0
603,ROBERT TURBIN,SEA,UNKN,30,1,0,0,0,0,0,0,0,0,0,0,0,0,0,0,0,0,0,0,0,0,0,0,0,0,0,153,0
604,JASON VANDER LAAN,NOR,UNKN,27,2,1,0,0,0,0,0,0,0,0,0,0,0,0,0,0,0,0,0,0,0,0,0,0,0,0,120,0
605,AUSTIN WALTER,NYG,UNKN,23,1,0,0,0,0,0,0,0,0,0,0,0,0,0,0,0,0,0,0,0,0,0,0,0,0,0,163,0
606,JESTER WEAH,WAS,UNKN,24,1,0,0,0,0,0,0,0,0,0,0,0,0,0,0,0,0,0,0,0,0,0,0,0,0,0,217,0
607,NSIMBA WEBSTER,LAR,UNKN,23,5,0,0,0,0,0,0,0,0,0,0,0,0,0,0,0,1,0,0,0,0,0,0,0,0,0,233,0
608,CHAD WILLIAMS,IND,UNKN,25,1,0,0,0,0,0,0,0,0,0,0,1,0,0,0,0,0,0,0,0,0,0,0,0,0,0,220,0
609,TRAYVEON WILLIAMS,CIN,UNKN,22,11,0,0,0,0,0,0,0,0,0,0,0,0,0,0,0,0,0,0,0,0,0,0,0,0,0,157,0
610,JUWANN WINFREE,DEN,UNKN,23,3,0,0,0,0,0,0,0,0,0,0,0,0,0,0,0,0,0,0,0,0,0,0,0,0,0,223,0
611,BLAKE BORTLES,LAR,QB,27,3,0,1,2,3,0,0,2,-9,-4.50,0,0,0,0,0,0,0,0,0,0,0,-1,-0.8,-0.8,-0.8,0,71,0
612,SEAN MANNION,MIN,QB,27,3,1,12,21,126,0,2,6,-5,-0.83,0,0,0,0,0,0,1,1,0,0,0,-1,-1.5,1.5,0.5,0,72,0
613,GREG DORTCH,CAR,UNKN,21,2,0,0,0,0,0,0,0,0,0,0,0,0,0,0,0,1,1,0,0,0,-2,-2.0,-1.0,-2.0,0,243,0
614,QUINCY ENUNWA,NYJ,WR,27,1,1,0,0,0,0,0,0,0,0,0,3,1,-4,-4.00,0,1,1,0,0,0,-2,-1.4,-0.4,-1.9,0,245,0
615,RAY-RAY MCCLOUD,CAR,UNKN,23,6,0,0,0,0,0,0,0,0,0,0,0,0,0,0,0,3,1,0,0,0,-2,-2.0,-1.0,-2.0,0,244,0
616,DARRIUS SHEPHERD,GNB,WR,24,6,0,0,0,0,0,0,0,0,0,0,2,1,1,1.00,0,1,1,0,0,0,-2,-0.9,0.1,-1.4,0,242,0
617,JARRETT STIDHAM,NWE,QB,23,3,0,2,4,14,0,1,2,-2,-1.00,0,0,0,0,0,0,0,0,0,0,0,-2,-1.6,-0.6,-0.6,0,73,0
618,MICHAEL WALKER,JAX,WR,23,7,0,0,0,0,0,0,0,0,0,0,3,2,15,7.50,0,2,2,0,0,0,-3,-0.5,1.5,-1.5,0,246,0
619,COREY CLEMENT,PHI,UNKN,25,4,0,0,0,0,0,0,0,0,0,0,0,0,0,0,0,2,2,0,0,0,-4,-4.0,-2.0,-4.0,0,165,0
